from	kind	to	order
s56000	j	w15647	1
s56001	j	w7839	2
s56001	j	w41640	1
s56002	b	w37544	1
s56002	s	w37557	1
s56003	s	w18323	1
s56004	j	w50371	1
s56005	j	w13576	1
s56005	j	w30031	2
s56006	j	w20764	1
s56006	j	w25447	2
s56007	j	w49863	1
s56009	j	w23905	1
s56011	s	w27513	1
s56012	j	w17896	1
s56012	j	w34286	2
s56015	j	w30604	1
s56015	j	w33407	2
s56016	j	w10361	2
s56016	j	w33776	1
s56016	s	w33791	1
s56017	j	w26541	1
s56017	j	w33776	2
s56017	s	w33791	1
s56018	j	w33791	1
s56019	j	w37871	1
s56020	j	w12334	2
s56020	j	w27601	1
s56020	j	w29139	3
s56021	j	w13033	1
s56021	j	w38281	2
s56022	j	w12671	2
s56022	j	w44329	1
s56022	s	w44345	1
s56023	j	w12671	2
s56023	j	w46304	1
s56024	j	w17617	2
s56024	j	w24322	1
s56025	j	w24729	1
s56026	j	w17617	2
s56026	j	w24328	1
s56027	j	w10361	2
s56027	j	w45203	1
s56027	s	w24117	1
s56030	j	w8416	1
s56030	j	w30958	2
s56032	j	w2969	1
s56033	j	w30168	2
s56033	j	w39521	1
s56033	s	w6407	1
s56034	j	w5594	2
s56034	j	w32552	1
s56035	j	w17617	2
s56035	j	w25491	1
s56036	j	w15416	1
s56036	j	w37548	2
s56037	j	w17161	1
s56038	j	w5385	2
s56038	j	w31127	1
s56038	s	w17200	1
s56039	j	w4	1
s56039	j	w19680	2
s56040	s	w38221	1
s56041	j	w4	1
s56041	j	w40592	3
s56041	j	w48046	2
s56042	j	w22817	2
s56042	j	w38742	1
s56043	j	w17168	1
s56043	j	w46330	2
s56043	s	w17223	1
s56044	j	w16373	1
s56044	j	w17617	2
s56045	j	w17719	2
s56045	j	w18370	1
s56046	j	w18823	1
s56046	j	w25245	2
s56047	j	w4	1
s56047	j	w25073	2
s56047	j	w27601	3
s56048	j	w4	1
s56048	j	w27053	2
s56048	s	s54542	1
s56049	b	w10419	1
s56050	j	w25245	2
s56050	j	w26482	1
s56051	j	w4	1
s56051	j	w26232	2
s56051	j	w39773	3
s56052	j	w36547	1
s56053	j	w6146	2
s56053	j	w22163	1
s56053	j	w29139	3
s56053	s	s10358	1
s56054	j	w15077	1
s56054	j	w33649	2
s56054	s	w11654	1
s56055	j	w25447	2
s56055	j	w51907	1
s56056	j	w16125	1
s56056	j	w42831	2
s56057	b	w12573	1
s56058	j	w17617	2
s56058	j	w28905	1
s56059	j	w4	1
s56059	j	w17456	3
s56059	j	w27763	4
s56059	j	w34121	2
s56060	j	w4	1
s56060	j	w27763	3
s56060	j	w33025	2
s56061	j	w37815	1
s56061	j	w39334	2
s56062	j	w4	1
s56062	j	w20853	2
s56063	j	w22375	1
s56064	j	w5642	1
s56064	j	w29139	3
s56064	j	w42844	2
s56069	j	w24123	2
s56069	j	w27383	1
s56071	j	w33122	1
s56071	j	w40246	2
s56071	s	w11759	1
s56072	j	w25245	2
s56072	j	w31952	1
s56073	j	w18753	1
s56073	j	w25447	2
s56074	j	w15706	2
s56074	j	w23512	1
s56075	j	w2622	1
s56075	j	w30486	2
s56076	j	w13571	1
s56076	j	w30356	2
s56077	j	w17454	2
s56077	j	w32552	1
s56078	j	w31356	2
s56078	j	w35080	1
s56078	s	s37677	1
s56080	j	w17168	1
s56080	j	w43302	2
s56081	j	w7926	1
s56081	j	w13506	2
s56082	j	w29152	2
s56082	j	w37736	1
s56083	j	w10851	1
s56083	j	w39238	2
s56084	b	w5484	1
s56085	j	w16228	2
s56085	j	w40630	1
s56086	j	w18276	1
s56086	j	w43302	2
s56086	s	w18355	1
s56087	j	w31772	1
s56087	j	w35797	2
s56087	j	w43180	3
s56088	j	w9393	1
s56088	j	w41017	2
s56089	j	w40592	2
s56089	j	w45181	1
s56091	j	w4	1
s56091	j	w21656	2
s56091	s	s4136	1
s56092	j	w4	1
s56092	j	w29937	2
s56093	j	w34478	1
s56093	j	w35797	2
s56094	j	w4	1
s56094	j	w38656	2
s56094	s	s56095	1
s56095	j	w4	1
s56095	j	w34419	2
s56095	s	s56094	1
s56097	a	s56206	2
s56097	a	s56207	1
s56097	j	w4666	1
s56098	s	s56099	1
s56099	s	s54546	1
s56099	s	s56098	2
s56099	s	s57356	3
s56100	j	w32014	1
s56100	j	w39790	2
s56101	s	w47337	1
s56103	s	w22063	1
s56104	j	w16024	2
s56104	j	w28632	1
s56106	j	w34395	1
s56106	j	w43271	2
s56107	j	w9733	1
s56108	j	w16050	1
s56109	j	w18370	1
s56109	j	w29139	3
s56109	j	w45372	2
s56110	j	w20636	1
s56110	j	w34585	2
s56111	j	w4	1
s56111	j	w33513	3
s56111	j	w34291	2
s56113	j	w1084	1
s56113	j	w51965	2
s56114	j	w13862	1
s56116	j	w9229	1
s56116	j	w45178	2
s56116	s	w9309	1
s56117	b	w28852	1
s56117	s	w9452	1
s56119	j	w9853	2
s56119	j	w18370	1
s56119	j	w32852	3
s56120	b	w28181	1
s56121	j	w25683	1
s56121	j	w39521	2
s56123	j	w25447	2
s56123	j	w39938	1
s56124	j	w2867	1
s56124	j	w25549	2
s56125	j	w2622	1
s56125	j	w8905	2
s56126	j	w17978	2
s56126	j	w23127	1
s56128	s	s56129	1
s56129	s	s56128	1
s56131	j	w4	1
s56131	j	w44383	2
s56132	b	w44839	1
s56132	s	s47956	1
s56133	j	w24701	1
s56133	j	w45178	2
s56133	s	s57133	1
s56134	j	w27071	1
s56134	j	w29139	3
s56134	j	w45178	2
s56134	s	s56135	1
s56135	j	w24805	1
s56135	j	w29139	3
s56135	j	w45178	2
s56135	s	s56134	1
s56136	j	w8164	1
s56136	j	w46602	2
s56137	j	w12223	1
s56137	j	w46602	2
s56139	j	w33231	2
s56139	j	w38162	1
s56140	j	w2622	1
s56140	j	w22539	2
s56140	s	w35636	1
s56143	j	w25387	1
s56144	j	w26681	2
s56144	j	w30089	1
s56145	a	s56349	1
s56145	j	w25690	1
s56145	j	w31793	2
s56145	s	w25706	1
s56146	j	w11430	1
s56146	j	w34286	2
s56146	s	s55097	2
s56146	s	w11792	1
s56147	j	w4	1
s56147	j	w13898	2
s56147	j	w29139	3
s56148	j	w4	1
s56148	j	w34506	2
s56149	j	w4	1
s56149	j	w30468	2
s56150	b	w52005	1
s56150	s	w13514	1
s56151	j	w12136	1
s56152	s	w13512	1
s56153	j	w16743	1
s56153	j	w17617	2
s56154	j	w6413	1
s56155	j	w26410	1
s56156	j	w4	1
s56156	j	w11627	2
s56157	j	w33254	1
s56157	j	w34690	2
s56158	j	w730	1
s56159	j	w10316	1
s56159	j	w46836	2
s56160	j	w11114	1
s56160	j	w34224	2
s56161	j	w18370	1
s56161	j	w31155	2
s56162	j	w13703	1
s56163	j	w9258	1
s56164	j	w9258	1
s56164	j	w25447	2
s56165	j	w4	1
s56165	j	w16127	2
s56167	j	w17456	2
s56167	j	w30757	1
s56167	s	w10419	1
s56168	b	w26988	1
s56168	s	w23777	1
s56169	j	w11885	2
s56169	j	w17200	1
s56169	j	w27763	3
s56170	j	w17242	2
s56170	j	w29139	3
s56170	j	w40244	1
s56170	s	s56171	2
s56170	s	w40261	1
s56171	b	w36969	1
s56171	s	s56170	1
s56172	j	w12538	1
s56172	j	w17466	2
s56173	j	w7620	2
s56173	j	w22361	1
s56173	s	s56174	1
s56174	j	w7620	2
s56174	j	w21885	1
s56174	s	s56173	1
s56177	j	w23301	1
s56177	j	w27107	2
s56178	j	w10966	2
s56178	j	w25584	1
s56179	j	w10361	2
s56179	j	w20239	1
s56180	j	w30997	2
s56180	j	w40244	1
s56181	j	w46989	1
s56182	j	w28929	2
s56182	j	w30972	1
s56183	j	w9666	2
s56183	j	w12259	1
s56183	s	s46936	1
s56184	j	w7964	1
s56184	j	w31883	2
s56185	j	w32881	1
s56186	j	w34286	2
s56186	j	w36030	1
s56187	j	w27383	2
s56187	j	w29139	3
s56187	j	w35965	1
s56187	s	w36002	1
s56188	j	w7620	3
s56188	j	w27383	2
s56188	j	w35965	1
s56189	j	w20154	2
s56189	j	w35965	1
s56191	j	w30719	1
s56191	j	w32515	2
s56192	b	w41616	1
s56192	s	w40862	1
s56193	j	w18276	1
s56193	j	w22584	2
s56194	j	w12538	1
s56194	j	w27174	2
s56194	j	w35797	3
s56195	j	w4	1
s56195	j	w24827	2
s56196	j	w36479	1
s56196	j	w40133	2
s56198	j	w7943	1
s56198	j	w25245	2
s56198	s	w15082	1
s56199	j	w25869	1
s56199	j	w29139	3
s56199	j	w35797	2
s56199	s	w30065	1
s56200	j	w7390	1
s56201	j	w16965	1
s56201	j	w35625	2
s56202	b	w39453	1
s56203	j	w15231	2
s56203	j	w37636	1
s56204	j	w25503	1
s56204	j	w35797	2
s56204	s	w22081	1
s56205	b	w48958	1
s56206	a	s56097	1
s56206	j	w4581	1
s56206	j	w16965	2
s56206	s	s56207	1
s56207	a	s56097	1
s56207	j	w4581	1
s56207	j	w31208	2
s56207	s	s56206	1
s56208	j	w60	1
s56208	j	w30175	2
s56209	j	w12259	1
s56209	j	w31582	2
s56210	a	s15367	1
s56210	a	s32986	2
s56210	j	w13507	1
s56211	j	w12005	1
s56211	j	w46519	2
s56211	s	s56213	1
s56212	j	w49695	1
s56213	j	w33649	1
s56213	j	w46519	2
s56213	s	s56211	1
s56214	j	w6414	1
s56215	j	w6400	1
s56215	j	w16334	2
s56216	j	w4	1
s56216	j	w28934	2
s56217	j	w13510	2
s56217	j	w24112	1
s56217	s	w24062	1
s56218	j	w9733	2
s56218	j	w25446	1
s56218	j	w29139	3
s56219	j	w4	1
s56219	j	w42069	2
s56219	s	w42356	1
s56220	j	w25245	2
s56220	j	w42735	1
s56221	b	w7005	1
s56222	s	s56223	1
s56223	j	w4	1
s56223	j	w17103	3
s56223	j	w18691	2
s56223	s	s56222	1
s56224	j	w18161	1
s56225	s	w40210	2
s56225	s	w40217	1
s56226	s	s24909	2
s56226	s	w8741	1
s56227	j	w17617	2
s56227	j	w24297	1
s56228	j	w10383	1
s56228	j	w28948	2
s56228	s	w12322	1
s56229	j	w12259	1
s56229	j	w15938	2
s56230	j	w4	1
s56230	j	w19061	2
s56230	s	s54479	1
s56231	j	w39	1
s56232	s	w12455	1
s56233	j	w710	2
s56233	j	w12688	1
s56233	s	w12455	1
s56235	j	w710	2
s56235	j	w12688	1
s56235	s	w12455	1
s56236	j	w4	1
s56236	j	w20223	2
s56236	j	w43000	3
s56237	j	w18410	2
s56237	j	w31185	1
s56238	b	w25771	1
s56239	j	w14106	2
s56239	j	w18370	1
s56239	s	w18950	1
s56241	s	s56242	1
s56242	s	s56241	1
s56243	j	w4	1
s56243	j	w36073	3
s56243	j	w43908	2
s56244	j	w15934	2
s56244	j	w34286	1
s56245	j	w34286	2
s56245	j	w36671	1
s56246	j	w4	1
s56246	j	w19091	2
s56247	j	w710	2
s56247	j	w48073	1
s56248	j	w17885	1
s56248	j	w33898	2
s56248	s	w17889	1
s56251	j	w4	1
s56251	j	w30345	2
s56252	j	w31235	2
s56252	j	w40443	1
s56252	s	w17076	1
s56253	j	w4	1
s56253	j	w19344	2
s56254	s	w38815	1
s56255	j	w38187	1
s56256	j	w18179	2
s56256	j	w25446	1
s56256	s	w25624	1
s56257	a	s27753	1
s56257	j	w8164	1
s56257	j	w26362	2
s56258	j	w4	1
s56258	j	w14154	3
s56258	j	w50386	2
s56259	j	w37447	1
s56260	j	w35835	1
s56261	j	w13510	2
s56261	j	w24112	1
s56261	j	w35625	3
s56262	j	w35012	1
s56262	j	w39290	2
s56263	j	w7335	1
s56263	j	w37473	2
s56264	b	w46807	1
s56264	s	w46722	1
s56265	j	w31729	2
s56265	j	w46713	1
s56266	j	w7298	1
s56267	s	s54562	1
s56267	s	s56268	2
s56268	s	s54562	1
s56268	s	s56267	2
s56269	j	w16063	2
s56269	j	w43485	1
s56271	j	w16439	1
s56271	j	w46836	2
s56272	j	w31729	2
s56272	j	w35683	1
s56273	j	w10237	1
s56273	j	w31729	2
s56273	s	w52125	1
s56274	j	w26874	1
s56275	j	w43485	1
s56275	j	w45070	2
s56276	j	w14034	1
s56276	j	w35797	3
s56276	j	w38641	2
s56277	j	w18063	1
s56277	j	w25245	3
s56277	j	w35797	2
s56278	b	w43291	1
s56279	a	s8588	1
s56279	j	w4	1
s56279	j	w8127	2
s56279	j	w25245	3
s56280	j	w7940	1
s56280	j	w37375	2
s56280	s	w15532	1
s56281	b	w44711	1
s56281	s	s54563	2
s56281	s	s56282	1
s56282	j	w29139	3
s56282	j	w35797	2
s56282	j	w39518	1
s56282	s	s54563	2
s56282	s	w52134	1
s56283	j	w17466	2
s56283	j	w41585	1
s56283	j	w46602	3
s56284	j	w7357	1
s56284	j	w25245	2
s56284	s	s56299	3
s56284	s	w7364	1
s56284	s	w18759	2
s56285	j	w42540	1
s56285	j	w46906	2
s56286	j	w39816	1
s56286	j	w46906	2
s56287	j	w34564	1
s56287	j	w46906	2
s56288	j	w6433	1
s56288	j	w46906	2
s56289	j	w4	1
s56289	j	w20531	2
s56289	s	w2394	1
s56290	j	w4	1
s56290	j	w26877	3
s56290	j	w41963	2
s56290	s	w2394	1
s56291	a	s56680	2
s56291	a	s56681	1
s56292	a	s56692	2
s56292	a	w38375	1
s56292	j	w25245	2
s56292	j	w38375	1
s56293	j	w7964	1
s56293	j	w31582	2
s56295	j	w48203	1
s56296	j	w26433	1
s56297	j	w7750	2
s56297	j	w23660	1
s56297	s	w7750	1
s56297	s	w48203	2
s56298	j	w21483	1
s56298	j	w25245	2
s56299	a	w6433	1
s56299	j	w6433	1
s56299	j	w25245	2
s56299	s	s56284	2
s56299	s	w18759	1
s56300	j	w13056	1
s56300	j	w25245	2
s56301	j	w16139	1
s56301	j	w25245	3
s56301	j	w35797	2
s56302	j	w4	1
s56302	j	w34746	2
s56303	j	w4643	1
s56303	j	w35797	2
s56304	b	w49155	1
s56305	j	w19741	1
s56305	j	w25298	2
s56307	a	w41387	1
s56307	j	w25245	2
s56307	j	w41387	1
s56307	s	w41093	1
s56308	j	w22227	1
s56308	j	w41729	2
s56310	b	w41919	1
s56311	j	w26176	2
s56311	j	w39201	1
s56312	b	w52164	1
s56313	j	w31013	2
s56313	j	w40547	1
s56314	s	w11819	1
s56315	a	s55223	1
s56315	j	w15533	1
s56315	j	w25298	2
s56316	a	s48222	1
s56316	j	w4665	1
s56316	j	w29139	3
s56316	j	w46504	2
s56317	a	s48222	1
s56317	j	w8216	2
s56317	j	w29139	3
s56317	j	w35140	1
s56318	j	w17617	2
s56318	j	w19197	1
s56318	s	w13561	1
s56319	j	w1489	1
s56319	j	w14154	2
s56320	j	w981	1
s56320	j	w14154	2
s56321	j	w12640	1
s56321	j	w25245	2
s56322	j	w20927	1
s56322	j	w25245	2
s56323	j	w19409	1
s56323	j	w25245	2
s56323	s	w22077	1
s56324	j	w17103	2
s56324	j	w22382	1
s56325	j	w2613	1
s56325	j	w25450	2
s56326	j	w20656	1
s56326	j	w38918	2
s56328	j	w248	1
s56328	j	w25245	2
s56329	b	w40014	1
s56330	j	w4	1
s56330	j	w40014	2
s56331	j	w4	1
s56331	j	w47005	2
s56332	j	w10316	1
s56332	j	w46906	2
s56333	a	s55699	1
s56333	j	w19678	1
s56333	j	w25245	2
s56334	j	w17456	2
s56334	j	w34121	1
s56335	j	w14372	1
s56335	j	w23660	2
s56336	j	w13524	2
s56336	j	w28744	1
s56338	j	w6515	2
s56338	j	w25245	3
s56338	j	w41963	1
s56339	a	s55777	1
s56339	j	w25298	2
s56339	j	w39773	1
s56341	a	s55930	1
s56341	j	w12538	1
s56341	j	w17466	2
s56341	j	w31013	3
s56343	j	w10361	2
s56343	j	w26176	1
s56343	j	w29139	3
s56344	j	w32294	2
s56344	j	w40547	1
s56344	s	w50255	1
s56345	j	w13902	1
s56345	j	w46836	2
s56346	j	w13253	1
s56347	j	w4998	3
s56347	j	w41963	1
s56347	j	w45695	2
s56348	j	w710	2
s56348	j	w3052	1
s56349	a	s27639	2
s56349	a	s56145	1
s56349	j	w25298	2
s56349	j	w25690	1
s56350	j	w4	1
s56350	j	w19853	2
s56351	j	w34740	2
s56351	j	w39201	1
s56352	j	w16647	2
s56352	j	w39201	1
s56353	j	w4	1
s56353	j	w27763	3
s56353	j	w40702	2
s56354	a	s55692	1
s56354	j	w11087	1
s56354	j	w25450	2
s56354	s	w14312	1
s56355	j	w11087	1
s56355	j	w25458	2
s56355	s	w14313	1
s56356	j	w24886	1
s56356	j	w41640	2
s56357	j	w4	1
s56357	j	w39254	2
s56357	j	w46261	3
s56358	a	s54910	1
s56358	j	w15231	2
s56358	j	w25245	3
s56358	j	w37636	1
s56359	a	s54910	1
s56359	j	w8761	1
s56359	j	w25245	2
s56360	j	w23660	2
s56360	j	w44641	1
s56361	a	s6412	1
s56361	j	w6146	1
s56361	j	w25245	2
s56362	a	s30857	2
s56362	a	w6151	1
s56362	j	w6146	1
s56362	j	w25298	2
s56363	j	w9727	1
s56364	b	w43378	1
s56365	j	w4	1
s56365	j	w18640	2
s56366	j	w710	2
s56366	j	w3980	1
s56367	j	w34291	1
s56367	j	w46906	2
s56368	j	w13506	1
s56368	j	w34347	2
s56369	j	w21861	1
s56369	j	w35865	2
s56370	j	w13506	1
s56370	j	w34291	2
s56371	a	w21112	1
s56371	j	w20764	1
s56371	j	w25298	2
s56372	j	w17712	1
s56372	j	w25298	2
s56374	j	w28711	2
s56374	j	w41963	1
s56376	j	w17817	1
s56376	j	w41786	2
s56377	j	w4	1
s56377	j	w12734	2
s56377	s	s56378	2
s56377	s	w3834	1
s56378	j	w4	1
s56378	j	w32531	3
s56378	j	w38274	2
s56378	s	s56377	2
s56378	s	w3834	1
s56379	j	w25245	2
s56379	j	w42042	1
s56380	j	w25245	2
s56380	j	w47515	1
s56380	s	s56381	1
s56381	j	w17147	2
s56381	j	w18860	1
s56381	j	w25245	3
s56381	s	s56380	1
s56382	j	w17718	2
s56382	j	w43271	1
s56383	j	w13014	1
s56383	j	w37375	2
s56384	a	s55693	1
s56384	j	w35224	1
s56384	j	w38641	2
s56384	s	w21181	1
s56385	j	w16859	2
s56385	j	w20870	1
s56385	j	w29139	3
s56387	j	w21895	1
s56387	j	w35797	3
s56387	j	w45703	2
s56388	b	w18955	1
s56389	j	w22227	2
s56389	j	w41963	1
s56389	j	w43124	3
s56390	j	w20624	1
s56390	j	w43124	2
s56392	j	w19087	1
s56392	j	w43832	2
s56393	j	w11220	3
s56393	j	w18370	1
s56393	j	w23301	2
s56394	a	s55903	1
s56394	j	w4	1
s56394	j	w39254	2
s56394	s	w3983	1
s56395	j	w42437	1
s56395	j	w43832	2
s56396	j	w4	1
s56396	j	w13782	2
s56397	j	w4	1
s56397	j	w39298	2
s56398	j	w4	1
s56398	j	w24413	2
s56398	s	w1291	1
s56399	j	w6285	2
s56399	j	w42855	1
s56399	s	s56400	2
s56399	s	w6307	1
s56400	j	w9719	2
s56400	j	w33883	1
s56400	s	s56399	1
s56402	j	w19099	1
s56402	j	w43832	2
s56402	s	w19087	1
s56403	j	w19098	1
s56403	j	w48982	2
s56404	j	w17103	2
s56404	j	w19173	1
s56404	s	w22211	1
s56405	j	w31185	1
s56406	s	s48835	1
s56407	b	w24105	1
s56407	s	w45204	1
s56409	j	w25274	2
s56409	j	w42045	1
s56410	j	w25298	2
s56410	j	w42042	1
s56410	s	s56411	1
s56411	j	w25298	2
s56411	j	w42045	1
s56411	s	s56410	1
s56412	j	w11263	1
s56412	j	w35797	2
s56412	s	w16614	1
s56413	j	w25274	2
s56413	j	w44407	1
s56414	j	w12250	1
s56414	j	w13510	2
s56415	j	w14694	1
s56419	b	w14477	1
s56420	j	w14121	1
s56421	j	w8124	1
s56421	j	w25447	2
s56422	b	w12124	1
s56422	s	w12136	1
s56425	b	w28934	1
s56425	s	w24067	1
s56427	j	w4	1
s56427	j	w10966	2
s56427	j	w45380	3
s56428	j	w26534	1
s56429	j	w17103	2
s56429	j	w20342	1
s56429	s	w18999	1
s56430	b	w21523	1
s56433	j	w27763	2
s56433	j	w42222	1
s56433	s	w42227	1
s56434	j	w22539	2
s56434	j	w43485	1
s56435	j	w32542	2
s56435	j	w43485	1
s56436	j	w11938	2
s56436	j	w43485	1
s56437	j	w12292	3
s56437	j	w18370	1
s56437	j	w42855	2
s56438	j	w8416	1
s56439	j	w15682	1
s56440	j	w10048	1
s56441	j	w32057	1
s56441	j	w46261	2
s56441	s	w29947	1
s56442	j	w4	1
s56442	j	w28928	2
s56443	s	s56444	1
s56444	j	w6573	2
s56444	j	w44329	1
s56444	s	s56443	1
s56445	j	w46717	1
s56446	j	w16116	1
s56447	j	w11113	1
s56447	j	w26726	2
s56448	j	w4	1
s56448	j	w11113	2
s56448	j	w26726	3
s56448	j	w27763	4
s56449	j	w13726	1
s56449	j	w26726	3
s56449	j	w45989	2
s56450	j	w10840	1
s56450	j	w40744	2
s56451	j	w4	1
s56451	j	w10840	3
s56451	j	w16439	2
s56451	j	w40744	4
s56452	j	w4	1
s56452	j	w40744	3
s56452	j	w43485	2
s56453	j	w25447	2
s56453	j	w25894	1
s56454	j	w18370	1
s56454	j	w39990	2
s56455	j	w5532	1
s56455	j	w13140	3
s56455	j	w31729	2
s56456	j	w21699	1
s56457	b	w2870	1
s56458	j	w29053	1
s56459	j	w23301	1
s56459	j	w24298	2
s56460	j	w31582	2
s56460	j	w46304	1
s56462	j	w31355	1
s56462	j	w39290	2
s56462	s	s56463	1
s56463	j	w33910	1
s56463	j	w39289	2
s56463	s	s56462	1
s56464	j	w17410	2
s56464	j	w40919	1
s56464	s	w40941	1
s56467	j	w4	1
s56467	j	w20929	2
s56468	b	w33756	1
s56468	s	w49665	1
s56469	j	w40592	2
s56469	j	w40941	1
s56470	j	w5376	3
s56470	j	w16961	1
s56470	j	w17586	2
s56471	j	w40919	1
s56471	j	w48793	2
s56471	s	w52324	1
s56472	s	w52323	1
s56473	j	w29685	1
s56473	j	w40592	2
s56474	j	w15085	1
s56474	j	w17103	2
s56475	j	w46618	1
s56476	j	w17617	2
s56476	j	w22548	1
s56477	j	w17617	2
s56477	j	w30938	1
s56478	j	w17540	1
s56478	j	w17617	2
s56479	j	w16498	1
s56479	j	w45247	2
s56480	s	w15181	1
s56481	j	w18370	1
s56481	j	w30938	2
s56482	j	w6962	1
s56482	j	w20764	2
s56483	j	w25274	2
s56483	j	w41120	1
s56483	j	w46602	3
s56485	b	w11297	1
s56485	s	w11303	1
s56486	j	w46562	1
s56487	j	w36352	1
s56488	j	w15345	2
s56488	j	w22616	1
s56489	a	s27234	1
s56489	j	w32186	2
s56489	j	w46602	1
s56490	j	w14154	2
s56490	j	w18056	1
s56491	j	w9068	1
s56492	s	w7697	2
s56492	s	w9068	1
s56493	j	w7697	1
s56494	j	w3104	1
s56494	j	w46261	2
s56495	j	w8383	2
s56495	j	w14154	3
s56495	j	w43897	1
s56496	j	w25447	2
s56496	j	w43897	1
s56497	j	w19912	1
s56497	j	w42990	2
s56498	b	w24753	1
s56499	j	w28948	2
s56499	j	w35071	1
s56500	j	w45976	1
s56500	j	w46608	2
s56503	j	w13726	1
s56503	j	w46022	2
s56505	b	w16139	1
s56507	j	w10357	1
s56507	j	w25245	3
s56507	j	w41446	2
s56508	j	w4665	1
s56508	j	w46504	2
s56509	j	w4	1
s56509	j	w27763	3
s56509	j	w38111	2
s56510	j	w4	1
s56510	j	w15563	2
s56510	j	w27763	3
s56512	s	w45253	1
s56513	j	w4	1
s56513	j	w20223	2
s56513	j	w36589	3
s56513	j	w42831	4
s56514	j	w4636	1
s56514	j	w25447	2
s56515	j	w4	1
s56515	j	w24580	2
s56515	j	w32531	3
s56516	j	w4	1
s56516	j	w36432	2
s56516	s	w3703	1
s56517	j	w42455	1
s56518	j	w27841	1
s56519	j	w17261	1
s56519	j	w17617	2
s56520	j	w16039	1
s56520	j	w17617	2
s56521	j	w5565	2
s56521	j	w9915	1
s56522	s	w15463	1
s56523	a	s43077	1
s56523	j	w4	1
s56523	j	w25245	3
s56523	j	w39875	2
s56524	j	w8356	2
s56524	j	w18430	1
s56525	s	w40071	1
s56526	j	w10327	1
s56527	j	w4	1
s56527	j	w22393	2
s56528	j	w20511	1
s56528	j	w35797	2
s56529	j	w4	1
s56529	j	w22414	2
s56529	j	w29139	4
s56529	j	w43124	3
s56529	s	w47834	1
s56530	j	w32531	2
s56530	j	w47149	1
s56531	j	w11885	2
s56531	j	w32531	3
s56531	j	w47146	1
s56532	j	w32531	2
s56532	j	w47158	1
s56533	j	w7362	1
s56533	j	w25447	2
s56534	j	w25447	2
s56534	j	w38689	1
s56535	j	w4	1
s56535	j	w21561	2
s56535	j	w35797	3
s56536	b	w19523	1
s56536	s	w16416	1
s56537	j	w4	1
s56537	j	w20922	2
s56538	j	w4	1
s56538	j	w18835	2
s56538	j	w25245	4
s56538	j	w46960	3
s56539	j	w4	1
s56539	j	w19519	2
s56539	j	w25245	3
s56540	b	w8741	1
s56541	b	w16467	1
s56542	a	w10840	1
s56542	j	w10840	1
s56542	j	w25245	2
s56542	s	w45713	1
s56543	j	w18141	1
s56544	j	w27500	1
s56544	j	w35797	2
s56544	j	w41567	3
s56545	j	w5565	1
s56545	j	w33407	3
s56545	j	w40001	2
s56546	j	w16965	1
s56546	j	w25245	2
s56546	s	w30173	1
s56547	j	w20437	1
s56547	j	w32749	2
s56548	j	w25245	2
s56548	j	w26869	1
s56549	j	w46506	1
s56550	j	w9967	1
s56550	j	w33231	2
s56550	s	w33241	1
s56551	j	w17456	2
s56551	j	w30719	1
s56551	s	w42462	1
s56552	j	w17617	2
s56552	j	w44711	1
s56553	j	w17617	2
s56553	j	w39551	1
s56554	j	w4	1
s56554	j	w12749	2
s56555	j	w12842	1
s56555	j	w40592	2
s56555	s	w32042	1
s56557	j	w710	2
s56557	j	w2613	1
s56558	j	w10779	1
s56558	j	w32871	2
s56558	s	w10783	2
s56558	s	w46808	1
s56559	j	w16046	1
s56559	j	w35012	2
s56561	j	w4	1
s56561	j	w20456	2
s56561	j	w46602	3
s56562	j	w7327	1
s56563	j	w18959	1
s56563	j	w25245	2
s56563	s	w22584	1
s56566	j	w16977	1
s56566	j	w25245	2
s56567	j	w10837	2
s56567	j	w23910	1
s56568	j	w23910	1
s56568	j	w31261	2
s56569	b	w26933	1
s56569	s	w39366	1
s56572	j	w32852	2
s56572	j	w43485	1
s56573	j	w12671	1
s56573	j	w34286	2
s56576	b	w29156	1
s56576	s	w29459	1
s56577	j	w4998	2
s56577	j	w41585	1
s56578	a	s16366	1
s56578	j	w33649	2
s56578	j	w44715	1
s56579	j	w4	1
s56579	j	w40026	2
s56580	j	w23201	2
s56580	j	w28324	1
s56580	j	w35797	3
s56580	s	w46882	1
s56581	j	w4	1
s56581	j	w25073	2
s56581	j	w26362	3
s56582	j	w13689	1
s56583	j	w13687	1
s56584	s	w45565	1
s56585	j	w23491	2
s56585	j	w26050	1
s56586	b	w19322	1
s56586	s	w24105	1
s56587	j	w23660	2
s56587	j	w37075	1
s56588	j	w10361	2
s56588	j	w12241	1
s56589	s	w11514	1
s56591	j	w4	1
s56591	j	w14154	3
s56591	j	w34690	2
s56591	s	w458	1
s56592	j	w4	1
s56592	j	w47392	2
s56592	s	w1186	1
s56593	j	w4	1
s56593	j	w34906	2
s56594	j	w4	1
s56594	j	w5385	2
s56594	j	w27763	3
s56595	j	w11005	1
s56596	j	w4	1
s56596	j	w17466	3
s56596	j	w18539	2
s56599	j	w10167	1
s56599	j	w25565	2
s56602	j	w23858	1
s56602	j	w39717	2
s56603	j	w34286	2
s56603	j	w35872	1
s56604	j	w4	1
s56604	j	w23660	3
s56604	j	w30031	2
s56605	j	w4	1
s56605	j	w18684	2
s56605	s	w6881	1
s56606	j	w17617	2
s56606	j	w21783	1
s56607	b	w10328	1
s56608	j	w32531	2
s56608	j	w38807	1
s56609	j	w4	1
s56609	j	w13398	2
s56609	s	w27896	1
s56610	j	w4	1
s56610	j	w25362	2
s56610	s	w4074	1
s56612	j	w9670	1
s56612	j	w35012	2
s56614	j	w4	1
s56614	j	w7327	3
s56614	j	w13726	2
s56614	s	w16661	1
s56615	j	w18022	1
s56616	j	w23543	2
s56616	j	w25387	1
s56617	j	w18414	1
s56617	j	w23543	2
s56618	j	w2622	1
s56618	j	w12671	2
s56619	j	w2622	1
s56619	j	w25683	2
s56620	j	w7335	1
s56620	j	w25245	2
s56621	j	w14154	2
s56621	j	w43403	1
s56622	j	w15357	2
s56622	j	w43079	1
s56623	j	w7858	1
s56623	j	w34286	2
s56624	j	w29674	2
s56624	j	w32894	1
s56625	j	w13726	1
s56625	j	w23531	2
s56626	j	w10413	2
s56626	j	w25683	1
s56627	j	w17786	2
s56627	j	w22060	1
s56628	j	w18025	1
s56629	j	w25857	1
s56631	b	w33871	1
s56631	s	s56633	1
s56632	s	w6881	1
s56633	b	w31157	1
s56633	s	s56631	1
s56634	j	w15416	1
s56634	j	w30616	2
s56634	s	w25431	1
s56635	b	w34091	1
s56635	s	w34916	1
s56636	j	w34286	2
s56636	j	w39049	1
s56637	j	w12223	1
s56637	j	w41567	2
s56638	j	w38789	1
s56638	j	w43485	2
s56639	j	w6322	1
s56639	j	w30557	2
s56640	j	w797	1
s56640	j	w26460	2
s56641	j	w25447	2
s56641	j	w27259	1
s56642	j	w34214	1
s56642	j	w38918	2
s56643	j	w10361	2
s56643	j	w19206	1
s56643	s	w18995	1
s56644	b	w52494	1
s56645	j	w20774	1
s56646	j	w17786	2
s56646	j	w30159	1
s56647	j	w16473	2
s56647	j	w41963	1
s56647	s	s56648	1
s56648	j	w15416	1
s56648	j	w44805	2
s56648	s	s56647	2
s56648	s	w44805	1
s56649	j	w36335	2
s56649	j	w37880	1
s56650	j	w23489	1
s56650	j	w32531	2
s56650	s	w15543	1
s56651	j	w40048	1
s56652	j	w17617	2
s56652	j	w22072	1
s56653	j	w19600	1
s56653	j	w46836	2
s56654	j	w43180	1
s56654	j	w46836	2
s56656	j	w23375	2
s56656	j	w27601	1
s56657	j	w4	1
s56657	j	w5391	2
s56657	s	w29712	2
s56657	s	w47983	1
s56658	j	w49268	1
s56659	j	w4581	1
s56659	j	w30746	2
s56660	j	w4	1
s56660	j	w20274	2
s56660	j	w23301	3
s56662	j	w23491	2
s56662	j	w46076	1
s56662	s	w46076	1
s56663	j	w25245	2
s56663	j	w29751	1
s56665	j	w18370	1
s56665	j	w45204	2
s56666	j	w12292	2
s56666	j	w42855	1
s56666	s	w12320	1
s56667	b	w40503	1
s56668	j	w6359	1
s56668	j	w23543	2
s56669	j	w6462	1
s56669	j	w17466	2
s56670	j	w22081	1
s56670	j	w25245	2
s56671	j	w17466	2
s56671	j	w38564	1
s56672	j	w25447	2
s56672	j	w25795	1
s56673	a	w43150	1
s56673	j	w25298	2
s56673	j	w43149	1
s56673	s	w15084	1
s56673	s	w43162	2
s56674	j	w17466	2
s56674	j	w24701	1
s56675	j	w17466	2
s56675	j	w35965	1
s56676	j	w43563	1
s56678	j	w46008	1
s56679	j	w4	1
s56679	j	w10361	5
s56679	j	w12292	4
s56679	j	w18370	2
s56679	j	w42855	3
s56680	a	s56291	1
s56680	s	s56681	1
s56681	a	s56291	1
s56681	j	w4	1
s56681	j	w19752	2
s56681	j	w41567	3
s56681	s	s56680	1
s56683	j	w4	1
s56683	j	w18539	2
s56683	j	w46602	3
s56684	j	w4	1
s56684	j	w23358	2
s56685	j	w4	1
s56685	j	w23301	2
s56685	j	w23543	3
s56686	j	w4	1
s56686	j	w35777	2
s56687	b	w30468	1
s56690	j	w21374	1
s56690	j	w41585	2
s56691	j	w22154	1
s56691	j	w29139	3
s56691	j	w43271	2
s56692	a	s56292	1
s56692	j	w4	1
s56692	j	w38375	2
s56693	j	w25683	1
s56693	j	w30159	2
s56694	j	w4	1
s56694	j	w40270	2
s56695	b	w36863	1
s56696	j	w18640	2
s56696	j	w33444	1
s56697	b	w20901	1
s56697	s	s56698	1
s56698	s	s56697	1
s56699	j	w24917	2
s56699	j	w28632	1
s56701	j	w6517	2
s56701	j	w32531	3
s56701	j	w41963	1
s56703	j	w16334	2
s56703	j	w29619	1
s56704	b	w25012	1
s56704	s	w25015	1
s56705	b	w39951	1
s56705	s	w16783	1
s56706	j	w4	1
s56706	j	w16783	2
s56707	j	w1084	1
s56707	j	w30972	2
s56708	j	w23660	2
s56708	j	w41107	1
s56709	s	s56710	1
s56710	s	s56709	2
s56710	s	w6390	1
s56714	j	w37927	1
s56715	s	w11147	1
s56716	j	w28040	1
s56716	j	w30335	2
s56717	j	w16125	2
s56717	j	w29839	1
s56717	j	w31729	3
s56719	j	w29139	3
s56719	j	w34149	2
s56719	j	w41963	1
s56720	j	w4	1
s56720	j	w27763	3
s56720	j	w42126	2
s56721	s	w15923	1
s56722	j	w797	1
s56722	j	w31035	2
s56723	j	w3410	1
s56723	j	w35625	2
s56723	s	w32365	1
s56724	s	w21256	1
s56725	b	w20927	1
s56725	s	s56726	2
s56725	s	w21282	1
s56726	s	s56725	2
s56726	s	w21282	1
s56727	j	w48869	1
s56728	j	w17454	1
s56729	j	w7643	1
s56729	j	w25298	2
s56729	s	s54190	1
s56730	j	w4	1
s56730	j	w20504	2
s56730	j	w25245	3
s56730	s	w4644	1
s56732	j	w29283	2
s56732	j	w45309	1
s56733	j	w4	1
s56733	j	w32277	2
s56734	j	w6892	2
s56734	j	w23301	3
s56734	j	w39014	1
s56735	j	w31062	1
s56735	j	w32542	2
s56736	j	w8540	2
s56736	j	w23301	1
s56737	j	w10532	2
s56737	j	w50394	1
s56738	j	w23301	1
s56738	j	w23543	2
s56739	j	w8540	2
s56739	j	w23301	1
s56739	j	w35797	3
s56740	j	w35797	2
s56740	j	w50394	1
s56741	j	w20046	1
s56741	j	w25447	2
s56741	s	w13068	1
s56742	j	w797	1
s56742	j	w24952	2
s56743	j	w10917	1
s56743	j	w37375	2
s56743	s	w29526	1
s56745	j	w4	1
s56745	j	w41865	3
s56745	j	w46470	2
s56747	j	w46092	1
s56748	s	s56749	1
s56749	s	s56748	1
s56752	j	w4	1
s56752	j	w2003	2
s56753	j	w4733	1
s56754	j	w22793	1
s56754	j	w25245	2
s56757	j	w23543	2
s56757	j	w33772	1
s56758	a	s54586	1
s56758	j	w5837	1
s56758	j	w26362	3
s56758	j	w30056	2
s56759	j	w28040	1
s56759	j	w36748	2
s56760	j	w28040	1
s56760	j	w34347	2
s56760	s	w48215	1
s56761	j	w22790	1
s56761	j	w25245	2
s56762	j	w11541	1
s56763	j	w4	1
s56763	j	w22155	2
s56764	j	w25245	2
s56764	j	w30383	1
s56765	j	w797	1
s56765	j	w31019	2
s56765	s	s56766	2
s56765	s	w2819	1
s56766	b	w2819	1
s56766	s	s56765	2
s56766	s	w2819	1
s56768	j	w4	1
s56768	j	w37386	2
s56769	j	w17724	2
s56769	j	w44853	1
s56770	b	w34925	1
s56771	j	w4	1
s56771	j	w41205	2
s56771	s	w23697	1
s56772	j	w710	3
s56772	j	w22563	1
s56772	j	w33619	2
s56772	s	w22564	1
s56774	j	w27763	2
s56774	j	w29846	1
s56775	j	w17718	1
s56775	j	w29139	3
s56775	j	w42844	2
s56776	j	w6881	2
s56776	j	w13726	1
s56777	j	w25298	3
s56777	j	w30050	2
s56777	j	w33830	1
s56777	s	w26795	1
s56778	j	w21805	1
s56778	j	w25298	2
s56779	b	w20081	1
s56780	j	w9399	1
s56780	j	w41585	2
s56781	j	w4998	2
s56781	j	w29139	3
s56781	j	w41585	1
s56782	j	w24360	1
s56782	j	w36589	2
s56783	j	w25245	2
s56783	j	w28928	1
s56783	s	w27287	1
s56784	j	w21805	1
s56784	j	w25447	2
s56785	j	w4	1
s56785	j	w14154	3
s56785	j	w15368	2
s56785	s	w16953	1
s56786	j	w4	1
s56786	j	w27763	3
s56786	j	w32205	2
s56787	j	w2226	1
s56787	j	w27763	2
s56789	j	w10900	1
s56789	j	w30335	2
s56790	j	w2017	1
s56790	j	w32852	2
s56792	j	w7986	2
s56792	j	w46681	1
s56793	a	s57059	1
s56793	s	w46535	1
s56794	j	w12319	1
s56794	j	w25298	2
s56795	j	w12318	1
s56795	j	w25245	2
s56796	s	w25423	1
s56797	s	w25423	1
s56798	j	w4	1
s56798	j	w7327	2
s56798	j	w10834	3
s56798	j	w27763	4
s56799	b	w48419	1
s56799	s	w8744	1
s56801	j	w19989	1
s56801	j	w25447	2
s56802	j	w4306	2
s56802	j	w18370	1
s56802	s	s57301	1
s56803	j	w4	1
s56803	j	w8694	2
s56803	j	w27763	3
s56803	s	w23941	1
s56804	j	w24407	1
s56804	j	w40592	2
s56805	j	w18370	1
s56805	j	w31963	2
s56805	s	w20102	1
s56806	s	w23946	1
s56806	s	w31250	2
s56807	b	w24422	1
s56807	s	w23946	1
s56808	j	w12353	1
s56808	j	w38918	2
s56808	s	w30487	1
s56811	j	w8182	1
s56811	j	w41640	2
s56813	j	w7864	1
s56815	j	w4	1
s56815	j	w29939	2
s56816	j	w33328	1
s56816	j	w34159	2
s56816	s	w20883	1
s56817	j	w33328	1
s56817	j	w34149	2
s56817	s	w34155	1
s56818	j	w4	1
s56818	j	w6477	2
s56819	j	w1693	1
s56819	j	w43925	2
s56820	j	w877	1
s56820	j	w23738	2
s56821	j	w14154	2
s56821	j	w43251	1
s56822	j	w10837	1
s56822	j	w40744	2
s56823	j	w8519	1
s56823	s	s55781	1
s56825	j	w4	1
s56825	j	w34800	2
s56827	j	w27763	2
s56827	j	w35004	1
s56830	s	w17326	1
s56831	j	w17311	1
s56831	j	w46261	2
s56832	j	w21981	1
s56834	j	w21348	1
s56834	j	w25245	2
s56835	j	w13726	2
s56835	j	w36748	1
s56835	j	w45816	3
s56836	j	w4	1
s56836	j	w49506	2
s56837	j	w814	1
s56837	j	w43271	2
s56839	s	w24062	1
s56840	j	w10307	1
s56840	j	w34034	2
s56842	j	w7620	2
s56842	j	w12538	1
s56843	j	w17312	1
s56843	j	w25447	2
s56844	j	w24298	1
s56844	j	w46340	2
s56845	j	w19384	1
s56845	j	w40953	2
s56846	j	w19093	1
s56846	j	w41178	2
s56847	j	w18370	1
s56847	j	w24672	2
s56847	j	w33649	3
s56848	j	w8277	2
s56848	j	w16125	1
s56849	j	w10532	1
s56849	j	w36948	2
s56851	j	w4	1
s56851	j	w20927	2
s56851	j	w25245	3
s56852	j	w6573	2
s56852	j	w45425	1
s56853	j	w45425	1
s56853	j	w45542	2
s56854	b	w33913	1
s56855	j	w10247	1
s56856	j	w4	1
s56856	j	w31793	2
s56857	b	w19680	1
s56858	j	w39547	1
s56858	j	w39553	2
s56858	s	w28221	1
s56860	j	w1933	1
s56861	j	w20927	1
s56861	j	w35797	3
s56861	j	w40458	2
s56862	j	w10603	1
s56863	j	w49335	1
s56864	j	w48795	1
s56865	j	w10793	1
s56865	j	w18481	2
s56866	b	w6964	1
s56867	j	w5594	1
s56867	j	w34034	2
s56868	j	w14154	3
s56868	j	w25146	1
s56868	j	w34286	2
s56869	j	w40001	2
s56869	j	w41469	1
s56870	j	w10597	1
s56871	b	w20898	1
s56872	j	w14154	2
s56872	j	w28740	1
s56873	j	w7839	3
s56873	j	w20016	2
s56873	j	w29139	1
s56874	j	w4	1
s56874	j	w22420	2
s56874	j	w29139	3
s56875	j	w34405	1
s56875	j	w35625	2
s56876	j	w4	1
s56876	j	w23660	3
s56876	j	w39921	2
s56877	j	w10361	2
s56877	j	w31661	1
s56877	s	s56878	1
s56878	j	w7281	2
s56878	j	w10361	3
s56878	j	w30486	1
s56878	s	s56877	1
s56879	j	w15664	2
s56879	j	w40815	1
s56880	j	w8756	1
s56880	j	w40815	2
s56882	j	w19650	1
s56882	j	w26726	2
s56883	j	w2847	1
s56883	j	w17930	2
s56883	j	w25245	3
s56884	j	w8756	2
s56884	j	w41963	1
s56885	s	w36780	1
s56886	b	w37819	1
s56888	s	s56889	1
s56889	s	s56888	1
s56890	j	w27107	2
s56890	j	w33231	1
s56890	s	w35374	1
s56892	j	w7733	2
s56892	j	w11116	1
s56893	j	w11131	1
s56893	j	w23301	2
s56895	j	w31429	1
s56895	j	w34022	2
s56896	a	w44245	1
s56896	j	w32531	2
s56896	j	w44193	1
s56896	s	w44249	1
s56897	s	w19520	1
s56898	j	w27842	1
s56901	j	w12949	1
s56901	j	w36117	2
s56902	j	w4	1
s56902	j	w11155	3
s56902	j	w19788	2
s56903	j	w30626	1
s56903	j	w45746	2
s56904	j	w4	1
s56904	j	w19348	2
s56904	j	w29304	3
s56904	s	s3943	1
s56905	j	w33649	1
s56906	s	s45668	1
s56907	b	w33847	1
s56907	s	w41618	1
s56908	j	w8694	2
s56908	j	w9915	1
s56908	j	w27763	3
s56909	j	w8005	1
s56910	b	w44825	1
s56910	s	w28631	2
s56910	s	w44761	1
s56911	j	w21057	1
s56911	j	w29139	3
s56911	j	w43124	2
s56912	b	w19363	1
s56913	j	w10532	2
s56913	j	w13033	1
s56913	s	s54481	1
s56914	j	w35797	2
s56914	j	w41178	1
s56915	b	w26574	1
s56916	j	w7933	1
s56917	j	w11916	1
s56917	j	w19398	2
s56917	s	w41192	1
s56918	b	w20095	1
s56918	s	w49451	1
s56920	j	w19398	2
s56920	j	w29139	4
s56920	j	w34395	1
s56920	j	w46519	3
s56921	b	w39248	1
s56922	j	w18370	1
s56922	j	w29139	3
s56922	j	w36096	2
s56922	s	w20513	2
s56922	s	w21699	1
s56923	j	w20513	1
s56924	j	w23356	1
s56924	j	w43000	2
s56925	j	w8356	2
s56925	j	w33824	1
s56927	b	w39812	1
s56927	s	w44555	1
s56928	j	w25245	3
s56928	j	w33649	2
s56928	j	w44665	1
s56929	j	w4	1
s56929	j	w7807	2
s56930	j	w40534	2
s56930	j	w41567	1
s56930	s	w33871	1
s56931	j	w4	1
s56931	j	w36113	2
s56932	j	w23356	2
s56932	j	w28040	1
s56933	s	s56940	2
s56933	s	w12051	1
s56934	j	w12538	1
s56934	j	w19809	2
s56934	j	w29139	3
s56935	j	w1071	1
s56935	j	w27763	2
s56935	s	w32894	2
s56935	s	w39545	1
s56936	j	w7390	2
s56936	j	w19558	1
s56937	j	w13726	1
s56937	j	w38505	2
s56938	b	w23294	1
s56939	j	w25245	3
s56939	j	w30159	1
s56939	j	w41585	2
s56940	j	w12043	2
s56940	j	w24360	1
s56940	j	w26726	3
s56940	s	s56933	2
s56940	s	w12051	1
s56942	j	w13510	3
s56942	j	w24360	1
s56942	j	w36479	2
s56942	s	w13599	1
s56943	j	w20927	1
s56944	s	w21238	1
s56944	s	w21726	2
s56945	b	w20927	1
s56945	s	w21282	1
s56946	j	w22518	1
s56947	j	w29139	3
s56947	j	w40698	1
s56947	j	w43271	2
s56948	j	w4	1
s56948	j	w5106	2
s56948	j	w23301	3
s56949	b	w24414	1
s56949	s	w29612	1
s56950	s	w17379	1
s56951	j	w9393	2
s56951	j	w29139	3
s56951	j	w43908	1
s56951	s	w45803	1
s56952	j	w17456	2
s56952	j	w29152	1
s56953	j	w8451	1
s56953	j	w26089	2
s56954	j	w4	1
s56954	j	w19173	2
s56954	j	w32531	3
s56955	j	w4	1
s56955	j	w30210	3
s56955	j	w41963	2
s56956	j	w4	1
s56956	j	w12640	2
s56957	b	w52810	1
s56957	s	w30646	1
s56958	j	w22533	1
s56959	b	w18694	1
s56959	s	w6935	1
s56960	j	w17558	2
s56960	j	w18063	1
s56961	b	w32227	1
s56962	j	w15085	2
s56962	j	w18370	1
s56962	j	w29139	3
s56963	j	w18842	1
s56963	j	w43124	2
s56964	j	w31998	1
s56965	j	w4	1
s56965	j	w18563	2
s56966	b	w18564	1
s56967	j	w9393	2
s56967	j	w31909	1
s56969	j	w4	1
s56969	j	w20239	2
s56971	j	w10412	1
s56971	j	w33649	2
s56972	j	w18388	1
s56973	j	w10361	4
s56973	j	w18370	1
s56973	j	w25651	3
s56973	j	w35218	2
s56974	j	w4	1
s56974	j	w10361	3
s56974	j	w19922	2
s56975	j	w35058	1
s56975	j	w41446	2
s56975	s	w34707	1
s56977	j	w15416	1
s56977	j	w38259	2
s56978	j	w11251	1
s56978	j	w29139	2
s56980	j	w24148	1
s56980	j	w24917	2
s56981	a	w45253	1
s56983	j	w18370	1
s56983	j	w29139	3
s56983	j	w49007	2
s56984	j	w18370	1
s56984	j	w29139	4
s56984	j	w43220	2
s56984	j	w45178	3
s56985	j	w31235	1
s56985	j	w38641	2
s56985	j	w39475	3
s56986	j	w4	1
s56986	j	w17689	3
s56986	j	w41878	2
s56987	j	w4	1
s56987	j	w13510	3
s56987	j	w24112	2
s56987	s	w24062	1
s56988	s	s56989	1
s56989	s	s56988	1
s56990	j	w10996	2
s56990	j	w23660	1
s56991	j	w39475	2
s56991	j	w43335	1
s56992	j	w4	1
s56992	j	w7839	3
s56992	j	w22305	2
s56993	j	w4	1
s56993	j	w47724	2
s56994	j	w14257	1
s56994	j	w45539	2
s56994	s	w14257	1
s56995	j	w31842	1
s56996	j	w40293	2
s56996	j	w42134	1
s56997	s	s30891	1
s56998	s	s36646	1
s56999	j	w4	1
s56999	j	w5614	2
s57000	j	w35012	1
s57000	j	w41817	2
s57002	j	w19907	1
s57003	j	w10996	3
s57003	j	w23301	1
s57003	j	w23660	2
s57003	j	w29139	4
s57004	j	w36050	2
s57004	j	w47081	1
s57005	j	w4	1
s57005	j	w27763	3
s57005	j	w39645	2
s57006	j	w12257	2
s57006	j	w20528	1
s57007	j	w4	1
s57007	j	w16104	2
s57008	j	w6501	2
s57008	j	w9915	1
s57008	j	w10361	3
s57008	s	w25568	1
s57009	j	w7903	2
s57009	j	w33669	3
s57009	j	w35872	1
s57010	j	w13700	2
s57010	j	w18370	1
s57011	j	w24062	1
s57011	j	w25298	2
s57011	s	w6151	1
s57013	j	w4	1
s57013	j	w8356	3
s57013	j	w19984	2
s57015	j	w2003	2
s57015	j	w6763	1
s57016	j	w30168	2
s57016	j	w34552	1
s57016	s	w36766	1
s57017	j	w15231	2
s57017	j	w17181	1
s57018	j	w25683	1
s57018	j	w44706	2
s57019	j	w25683	1
s57019	j	w29139	3
s57019	j	w44706	2
s57020	j	w39475	2
s57020	j	w43877	1
s57021	j	w2622	1
s57021	j	w43485	2
s57023	j	w4	1
s57023	j	w3991	2
s57023	j	w30486	3
s57023	j	w35625	4
s57026	b	w13367	1
s57026	s	w11334	2
s57026	s	w13393	1
s57027	j	w38133	1
s57028	j	w40935	1
s57029	j	w25446	1
s57029	j	w45542	2
s57030	j	w26090	1
s57030	j	w45542	2
s57031	j	w7180	2
s57031	j	w41823	1
s57032	j	w32205	1
s57032	j	w33735	2
s57033	s	w24105	1
s57034	j	w4	1
s57034	j	w32224	3
s57034	j	w41963	2
s57035	j	w4	1
s57035	j	w20016	2
s57035	j	w46602	3
s57036	j	w8453	2
s57036	j	w36748	1
s57037	j	w4	1
s57037	j	w30990	3
s57037	j	w46681	2
s57039	j	w4	1
s57039	j	w48906	2
s57041	j	w4	1
s57041	j	w30486	2
s57041	s	w4221	1
s57042	j	w4	1
s57042	j	w24874	2
s57043	j	w4	1
s57043	j	w20157	2
s57044	j	w23513	1
s57044	j	w27763	2
s57044	s	w23513	1
s57045	j	w23316	1
s57045	j	w27763	2
s57046	b	w18835	1
s57047	b	w40967	1
s57048	j	w7390	2
s57048	j	w17434	1
s57048	j	w29139	3
s57048	s	s57049	1
s57049	j	w17434	1
s57049	j	w20764	2
s57049	j	w29139	3
s57049	s	s57048	1
s57050	j	w26177	1
s57051	j	w17558	2
s57051	j	w18828	1
s57053	b	w22553	1
s57054	b	w52904	1
s57055	j	w42159	1
s57056	j	w19650	1
s57056	j	w29139	3
s57056	j	w43271	2
s57057	j	w17369	2
s57057	j	w47820	1
s57058	j	w26783	1
s57058	j	w32531	2
s57059	a	s50269	1
s57059	a	s56793	2
s57059	j	w30997	1
s57059	j	w33735	2
s57060	j	w2847	1
s57060	j	w17930	2
s57061	j	w4	1
s57061	j	w20405	2
s57061	s	w2044	1
s57062	j	w18063	1
s57062	j	w41567	2
s57063	j	w16473	1
s57063	j	w39475	2
s57064	j	w7631	1
s57065	j	w4998	2
s57065	j	w18157	1
s57066	j	w9742	1
s57066	j	w13758	2
s57066	s	s53513	1
s57067	j	w4	1
s57067	j	w18499	2
s57067	j	w47195	3
s57068	j	w25955	1
s57068	j	w45554	2
s57068	s	s31951	1
s57071	j	w22516	1
s57072	j	w18370	1
s57072	j	w39985	3
s57072	j	w43832	2
s57073	j	w18183	1
s57073	j	w39475	2
s57074	j	w21523	1
s57075	a	s29344	2
s57075	a	s55025	1
s57075	j	w25245	2
s57075	j	w27287	1
s57075	s	s13147	1
s57077	j	w27383	2
s57077	j	w28929	1
s57077	s	s29445	1
s57078	j	w6573	2
s57078	j	w44193	1
s57080	j	w4	1
s57080	j	w33898	2
s57081	j	s25244	1
s57081	j	w39475	2
s57082	j	s50597	2
s57082	j	w9317	1
s57083	j	s19342	1
s57083	j	w31740	2
s57084	j	s14985	2
s57084	j	s46962	1
s57084	s	w40923	1
s57085	j	w5385	3
s57085	j	w18370	1
s57085	j	w41630	2
s57086	j	w35014	1
s57087	j	s27050	1
s57087	j	w39475	2
s57088	j	s21534	1
s57088	j	w39475	2
s57089	a	s38797	2
s57089	a	s39199	1
s57089	j	w25245	2
s57089	j	w36426	1
s57089	s	s46306	1
s57090	a	s39221	1
s57090	j	s16028	1
s57090	j	s46306	2
s57090	s	w42916	1
s57091	j	s11542	3
s57091	j	s44723	1
s57091	j	w25412	2
s57091	s	w41449	1
s57092	j	s9024	1
s57092	j	w39475	2
s57095	j	s24247	1
s57095	j	s40685	2
s57096	j	s19372	1
s57096	j	s36453	2
s57097	j	s27128	3
s57097	j	s44853	2
s57097	j	w6993	1
s57098	b	w7304	1
s57099	j	s24464	1
s57099	j	s33923	2
s57100	j	w4	1
s57100	j	w11499	2
s57101	s	s12113	1
s57102	s	w21947	1
s57103	j	s14262	2
s57103	j	s29344	1
s57103	s	w11500	1
s57104	j	s42877	2
s57104	j	w18500	1
s57104	s	s1421	1
s57105	j	w11574	1
s57105	j	w25298	2
s57106	b	w5016	1
s57107	j	w17200	2
s57107	j	w18539	1
s57108	j	s42877	2
s57108	j	w8489	1
s57109	j	w19820	1
s57112	j	s16402	2
s57112	j	w16961	1
s57113	j	w39475	2
s57113	j	w41409	1
s57115	j	s34946	3
s57115	j	s38304	1
s57115	j	w11024	2
s57116	j	w14034	1
s57116	j	w38641	2
s57117	j	w4	1
s57117	j	w21307	2
s57119	j	w46618	1
s57120	s	w18325	1
s57121	j	w37548	1
s57121	j	w38281	2
s57122	b	w39970	1
s57127	j	w27488	1
s57129	j	w16373	2
s57129	j	w27763	4
s57129	j	w34890	3
s57129	j	w44957	1
s57130	s	w42876	1
s57131	j	w23201	2
s57131	j	w26232	1
s57132	j	w4612	1
s57132	j	w41640	2
s57133	j	w23201	1
s57133	j	w45178	2
s57133	s	s56133	1
s57134	j	w20732	1
s57134	j	w25245	2
s57135	s	w28922	1
s57137	j	w48114	1
s57138	s	w36395	1
s57139	j	w18370	1
s57139	j	w44411	2
s57141	j	w24444	1
s57141	j	w33649	2
s57141	s	w24473	1
s57142	j	w4950	2
s57142	j	w31429	1
s57142	j	w35797	3
s57142	s	w31477	1
s57143	j	w17130	1
s57143	j	w17643	2
s57144	j	w27107	2
s57144	j	w37833	1
s57145	j	w17181	1
s57145	j	w31740	2
s57146	j	w4	1
s57146	j	w30210	3
s57146	j	w39773	2
s57148	j	w28943	1
s57148	j	w39717	2
s57149	j	w27763	3
s57149	j	w28943	1
s57149	j	w39645	2
s57150	j	w27488	1
s57150	j	w45442	2
s57150	s	w5601	1
s57151	s	w5601	1
s57153	a	w25887	1
s57153	j	w25245	2
s57153	j	w25887	1
s57154	j	w25447	2
s57154	j	w27763	3
s57154	j	w47184	1
s57154	s	w47184	1
s57155	j	w39475	2
s57155	j	w46967	1
s57156	a	s1372	1
s57156	a	s19371	2
s57156	j	w4	1
s57156	j	w18236	2
s57157	j	w4	1
s57157	j	w20826	2
s57157	j	w29139	3
s57157	s	w253	1
s57159	j	w33231	1
s57159	j	w39475	2
s57161	j	w4	1
s57161	j	w19674	2
s57162	j	w7255	1
s57162	j	w39475	2
s57163	j	w4362	1
s57163	j	w14154	3
s57163	j	w45398	2
s57164	j	w28381	1
s57166	j	w39014	1
s57166	j	w45976	2
s57167	j	w4	1
s57167	j	w5614	2
s57167	j	w23660	3
s57168	j	w27405	1
s57168	j	w34906	2
s57168	s	w27039	1
s57169	j	w8005	2
s57169	j	w10330	1
s57169	j	w47277	3
s57170	j	w16961	1
s57170	j	w17190	2
s57171	j	w17190	2
s57171	j	w28883	1
s57172	j	w16961	1
s57172	j	w46630	2
s57173	j	w4	1
s57173	j	w22211	2
s57173	j	w31183	3
s57174	j	w14407	1
s57174	j	w45539	2
s57174	j	w47277	3
s57175	j	w7219	1
s57175	j	w17073	2
s57176	b	w7255	1
s57177	j	w19031	1
s57177	j	w39475	2
s57178	j	w4	1
s57178	j	w42138	2
s57179	j	w4	1
s57179	j	w8356	3
s57179	j	w30210	2
s57180	j	w30557	2
s57180	j	w38147	1
s57181	j	w41552	1
s57181	j	w45703	2
s57182	j	w13726	2
s57182	j	w43722	1
s57183	j	w23301	2
s57183	j	w43722	1
s57184	j	w16961	1
s57184	j	w17190	2
s57184	j	w39475	3
s57185	j	w25491	1
s57185	j	w39475	2
s57186	j	w27763	2
s57186	j	w42196	1
s57186	s	w42196	1
s57187	s	w39260	1
s57188	j	w24860	2
s57188	j	w30210	3
s57188	j	w37815	1
s57190	j	w27359	1
s57190	j	w43124	2
s57193	j	w12174	2
s57193	j	w28324	1
s57194	j	w9915	1
s57194	j	w30356	2
s57196	j	w36671	1
s57196	j	w39840	2
s57197	s	w75	1
s57199	j	w43485	1
s57199	j	w45548	2
s57200	j	w7390	2
s57200	j	w45548	1
s57202	j	w25245	3
s57202	j	w41963	1
s57202	j	w45891	2
s57203	j	w30557	2
s57203	j	w39049	1
s57204	b	w12353	1
s57205	j	w4	1
s57205	j	w13726	2
s57205	j	w36639	3
s57208	b	w35322	1
s57209	b	w30967	1
s57210	b	w39509	1
s57211	j	w4	1
s57211	j	w39530	2
s57211	s	s57212	1
s57212	j	w4	1
s57212	j	w14154	3
s57212	j	w25491	2
s57212	s	s57211	1
s57213	j	w6085	2
s57213	j	w20764	1
s57214	j	w1302	1
s57215	j	w4	1
s57215	j	w16131	2
s57215	j	w29139	3
s57216	j	w10264	1
s57216	j	w31582	3
s57216	j	w32531	2
s57217	j	w11352	1
s57217	j	w13459	2
s57218	j	w2622	1
s57218	j	w42855	2
s57219	b	w23326	1
s57220	j	w15231	2
s57220	j	w23301	1
s57220	j	w27763	5
s57220	j	w37473	4
s57220	j	w42891	3
s57221	s	w31863	1
s57222	j	w15929	2
s57222	j	w22770	1
s57222	j	w41630	3
s57223	j	w10569	1
s57224	j	w8432	2
s57224	j	w17049	1
s57224	s	s57226	1
s57225	b	w7674	1
s57226	s	s57224	2
s57226	s	w7674	1
s57227	j	w41073	1
s57227	j	w41878	2
s57228	b	w44397	1
s57229	j	w13621	1
s57229	j	w39014	2
s57230	j	w4	1
s57230	j	w19749	2
s57230	j	w29139	3
s57231	j	w16580	2
s57231	j	w17731	1
s57232	j	w43180	1
s57232	j	w46301	2
s57232	s	w42047	1
s57233	j	w11113	1
s57233	j	w39475	3
s57233	j	w46836	2
s57234	j	w4	1
s57234	j	w11113	2
s57234	j	w39475	3
s57235	j	w19090	1
s57235	j	w39475	2
s57236	j	w5849	1
s57237	j	w4	1
s57237	j	w17753	2
s57238	b	w22526	1
s57239	j	w36943	2
s57239	j	w44957	1
s57240	j	w17103	2
s57240	j	w17731	1
s57240	s	w17731	1
s57241	j	w14203	1
s57241	j	w36590	2
s57242	j	w49845	1
s57243	j	w15310	1
s57243	j	w15855	2
s57243	s	w49845	1
s57244	j	w32205	1
s57244	j	w47540	2
s57245	j	w15929	1
s57245	j	w25245	2
s57246	j	w4	1
s57246	j	w15923	2
s57246	j	w29139	3
s57247	j	w25584	1
s57247	j	w34552	2
s57248	j	w12165	2
s57248	j	w16961	1
s57249	j	w4	1
s57249	j	w40592	4
s57249	j	w43271	3
s57249	j	w43908	2
s57250	j	w4	1
s57250	j	w43271	3
s57250	j	w44009	2
s57250	s	s385	1
s57251	j	w16334	3
s57251	j	w23127	2
s57251	j	w40001	1
s57251	s	w6400	1
s57252	s	w6400	1
s57253	j	w4	1
s57253	j	w39921	2
s57253	j	w45746	3
s57254	j	w4	1
s57254	j	w42219	2
s57254	s	w1249	1
s57255	s	w22051	1
s57256	j	w12495	2
s57256	j	w44853	1
s57257	j	w23475	1
s57257	j	w27763	2
s57257	s	s40366	2
s57257	s	w36161	1
s57258	j	w23220	2
s57258	j	w26232	1
s57259	j	w30487	1
s57259	j	w38918	2
s57260	a	s7505	1
s57261	j	w6427	2
s57261	j	w45425	1
s57261	s	s57262	1
s57262	j	w18237	2
s57262	j	w45425	1
s57262	s	s57261	1
s57263	j	w25298	3
s57263	j	w33776	2
s57263	j	w41791	1
s57264	j	w27763	2
s57264	j	w44402	1
s57265	b	w47866	1
s57267	j	w17542	2
s57267	j	w23301	1
s57267	j	w26126	3
s57268	j	w26726	1
s57268	j	w30587	2
s57269	j	w11284	2
s57269	j	w34291	3
s57269	j	w39014	1
s57270	j	w3079	1
s57270	j	w6910	2
s57270	s	w3082	1
s57271	j	w1313	1
s57271	j	w41963	2
s57271	s	w42512	1
s57272	b	w33817	1
s57273	j	w4	1
s57273	j	w30210	3
s57273	j	w36338	2
s57274	j	w4	1
s57274	j	w42655	2
s57275	j	w4	1
s57275	j	w40059	2
s57277	j	w10451	2
s57277	j	w18075	1
s57278	s	s57279	1
s57279	j	w10361	3
s57279	j	w12538	1
s57279	j	w37375	2
s57279	s	s57278	1
s57280	b	w39559	1
s57280	s	w24136	2
s57280	s	w40115	1
s57281	j	w4	1
s57281	j	w43147	2
s57282	j	w4	1
s57282	j	w25466	2
s57282	j	w32531	3
s57283	j	w12513	1
s57283	j	w14154	2
s57283	s	w12504	1
s57284	j	w29986	1
s57284	j	w40719	2
s57285	j	w8113	1
s57285	j	w10630	2
s57286	j	w8181	2
s57286	j	w41963	1
s57287	j	w4	1
s57287	j	w42674	2
s57288	j	w33551	1
s57288	j	w35797	2
s57289	j	w4483	1
s57290	s	s57291	1
s57291	j	w17326	1
s57291	j	w17456	2
s57291	s	s57290	1
s57292	j	w4	1
s57292	j	w32531	3
s57292	j	w35778	2
s57293	j	w30952	2
s57293	j	w42711	1
s57294	j	w4	1
s57294	j	w13611	2
s57294	j	w27763	3
s57294	s	s55315	2
s57294	s	w13631	1
s57295	b	w36254	1
s57296	j	w7390	2
s57296	j	w39074	1
s57297	s	w50022	1
s57298	j	w911	1
s57298	j	w14154	2
s57298	s	s57299	2
s57298	s	w4040	1
s57299	j	w14154	2
s57299	j	w39803	1
s57299	s	s57298	2
s57299	s	w4040	1
s57300	j	w4	1
s57300	j	w39909	2
s57300	s	w44932	1
s57301	b	w19622	1
s57301	s	s56802	2
s57301	s	w17221	1
s57302	j	w4	1
s57302	j	w22269	2
s57302	j	w44906	3
s57302	s	w46248	1
s57303	j	w56	2
s57303	j	w18370	1
s57304	b	w45392	1
s57304	s	w9400	1
s57305	j	w4	1
s57305	j	w32531	3
s57305	j	w40730	2
s57306	j	w32205	1
s57306	j	w46301	2
s57307	j	w12803	1
s57307	j	w46836	2
s57307	s	w31978	1
s57308	j	w23301	2
s57308	j	w32429	1
s57310	j	w16248	1
s57311	b	w37585	1
s57313	j	w23543	3
s57313	j	w24444	1
s57313	j	w30056	2
s57313	s	w30056	1
s57314	j	w8940	1
s57314	j	w23543	2
s57316	j	w28948	1
s57316	j	w34008	2
s57317	j	w34020	1
s57317	j	w39475	2
s57318	j	w17617	2
s57318	j	w34008	1
s57318	j	w39475	3
s57319	j	w23660	1
s57319	j	w33478	2
s57320	s	w35746	1
s57321	s	w43627	1
s57322	b	w43627	1
s57323	j	w11284	1
s57323	j	w30616	2
s57324	j	w32531	2
s57324	j	w45426	1
s57325	j	w4	1
s57325	j	w27364	2
s57326	j	w36426	2
s57326	j	w40919	1
s57326	s	w29524	1
s57327	j	w23223	2
s57327	j	w40919	1
s57328	j	w18670	1
s57328	j	w39475	2
s57329	j	w8616	2
s57329	j	w12538	1
s57330	j	w15766	2
s57330	j	w43485	1
s57331	j	w15706	1
s57331	j	w37548	2
s57331	s	s57332	1
s57332	j	w17869	1
s57332	j	w37548	2
s57332	s	s57331	1
s57333	b	w20155	1
s57334	j	w4	1
s57334	j	w16458	2
s57336	j	w4	1
s57336	j	w32665	2
s57336	j	w46602	3
s57337	j	w5394	1
s57337	j	w7839	2
s57339	b	w35043	1
s57340	j	w5532	1
s57340	j	w41446	2
s57343	j	w43569	1
s57344	j	w12165	2
s57344	j	w43485	1
s57345	j	w17896	1
s57347	j	w38187	1
s57347	j	w45442	2
s57348	j	w33692	1
s57348	j	w36553	2
s57348	s	w44120	1
s57349	j	w34093	2
s57349	j	w40440	1
s57350	j	w17049	1
s57350	j	w46334	2
s57351	b	w53204	1
s57351	s	w45769	1
s57352	j	w9087	1
s57352	j	w22484	2
s57353	j	w13510	2
s57353	j	w40421	1
s57353	s	s55260	2
s57353	s	w10905	1
s57355	a	w1680	1
s57355	j	w4	1
s57355	j	w21111	2
s57356	j	w4666	1
s57356	j	w39790	2
s57356	s	s56099	1
s57357	j	w36553	1
s57358	j	w13726	1
s57358	j	w36748	2
s57358	j	w43271	3
s57359	j	w40562	1
s57359	j	w41585	2
s57360	j	w24490	1
s57362	j	w10297	2
s57362	j	w35012	1
s57363	j	w4	1
s57363	j	w18984	2
s57364	j	w12453	1
s57364	j	w32531	2
s57365	j	w4	1
s57365	j	w42071	2
s57366	j	w2445	1
s57366	j	w40648	2
s57367	j	w25245	2
s57367	j	w41446	1
s57367	s	s10905	1
s57368	j	w25245	2
s57368	j	w35729	1
s57369	b	w32815	1
s57370	j	w12446	1
s57370	j	w24859	2
s57370	s	w922	1
s57371	j	w30757	1
s57371	j	w39475	2
s57373	j	w16647	1
s57373	j	w33649	2
s57373	s	w16743	1
s57374	j	w16652	1
s57374	j	w39475	2
s57375	j	w15682	1
s57375	j	w38652	2
s57375	s	w32942	1
s57376	s	w24233	1
s57377	j	w10361	2
s57377	j	w36589	1
s57378	j	w39	2
s57378	j	w29560	1
s57380	b	w20738	1
s57381	j	w39198	1
s57383	s	w13726	1
s57384	a	w26491	1
s57384	j	w25245	2
s57384	j	w26491	1
s57384	s	w48832	1
s57388	j	w4	1
s57388	j	w47933	2
s57389	j	w10900	1
s57389	j	w41729	2
s57389	s	w10911	1
s57389	s	w40435	2
s57392	j	w12705	1
s57392	j	w39475	2
s57393	s	s57394	1
s57394	s	s57393	1
s57395	j	w4	1
s57395	j	w47933	2
s57396	j	w4	1
s57396	j	w22910	3
s57396	j	w28896	2
s57396	s	s54359	1
s57398	j	w17719	1
s57399	b	w20744	1
s57400	j	w22928	1
s57400	j	w36184	2
s57403	b	w8663	1
s57405	s	w9960	1
s57406	j	w1652	1
s57406	j	w32815	2
s57406	j	w41567	3
s57411	j	w4	1
s57411	j	w42565	2
s57412	b	w42457	1
s57415	j	w7107	1
s57415	j	w25245	2
s57415	s	s57416	1
s57416	j	w10712	1
s57416	j	w25245	2
s57416	s	s57415	1
s57417	j	w35625	2
s57417	j	w37848	1
s57417	s	s57418	1
s57418	j	w4	1
s57418	j	w10361	3
s57418	j	w22092	2
s57418	s	s57417	1
s57419	j	w29965	2
s57419	j	w32653	1
s57420	j	w4	1
s57420	j	w14154	3
s57420	j	w26939	2
s57421	j	w6285	1
s57421	j	w30058	2
s57422	j	w23223	1
s57422	j	w33328	2
s57423	j	w2405	1
s57423	j	w14154	2
s57424	j	w12538	1
s57424	j	w40783	2
s57427	j	w33384	1
s57427	j	w42831	2
s57428	j	w4	1
s57428	j	w12273	2
s57429	j	w36562	1
s57431	j	w10306	2
s57431	j	w29986	1
s57432	b	w32244	1
s57433	j	w40553	2
s57433	j	w41963	1
s57434	j	w4	1
s57434	j	w40553	2
s57435	j	w4	1
s57435	j	w5328	2
s57435	j	w25274	4
s57435	j	w33692	3
s57436	j	w4	1
s57436	j	w13554	2
s57436	j	w25274	4
s57436	j	w33692	3
s57438	j	w4	1
s57438	j	w29068	3
s57438	j	w32531	4
s57438	j	w34058	2
s57439	s	w18753	1
s57440	j	w21965	1
s57440	j	w25245	3
s57440	j	w41567	2
s57441	j	w22269	1
s57441	j	w25245	3
s57441	j	w30997	2
s57442	j	w21599	1
s57442	j	w25245	2
s57443	j	w16361	2
s57443	j	w21461	1
s57443	j	w25245	3
s57444	j	w8408	2
s57444	j	w14154	3
s57444	j	w21996	1
s57445	j	w5499	1
s57445	j	w25274	2
s57446	j	w17718	1
s57446	j	w25274	2
s57447	j	w25245	3
s57447	j	w33478	1
s57447	j	w41585	2
s57448	j	w25245	2
s57448	j	w40547	1
s57448	s	w17069	1
s57449	a	s40414	1
s57449	j	w4	1
s57449	j	w4950	3
s57449	j	w31429	2
s57449	s	s3959	1
s57450	a	s19196	1
s57450	a	s54487	2
s57450	j	w18063	1
s57450	j	w25298	2
s57451	j	w25245	2
s57451	j	w31258	1
s57452	j	w4	1
s57452	j	w16652	2
s57452	j	w23301	3
s57453	j	w20385	1
s57453	j	w25245	2
s57454	j	w17456	3
s57454	j	w18370	1
s57454	j	w45925	2
s57455	j	w22368	1
s57455	j	w25245	2
s57456	j	w18694	1
s57456	j	w25245	2
s57457	j	w38565	2
s57457	j	w44957	1
s57458	j	w13510	2
s57458	j	w15083	1
s57458	j	w39790	3
s57459	j	w25274	2
s57459	j	w41667	1
s57460	j	w22496	1
s57460	j	w25274	2
s57462	j	w4	1
s57462	j	w18694	2
s57462	j	w25245	3
s57463	j	w4039	1
s57463	j	w25245	2
s57464	j	w21214	1
s57464	j	w25245	2
s57466	j	w25245	2
s57466	j	w43680	1
s57467	j	w37556	2
s57467	j	w41963	1
s57468	j	w25245	2
s57468	j	w25831	1
s57469	a	s54482	1
s57469	j	w18640	1
s57469	j	w25245	3
s57469	j	w41567	2
s57470	j	w10717	1
s57470	j	w25245	2
s57470	s	w10744	1
s57471	b	w36551	1
s57472	j	w10420	1
s57472	j	w25274	2
s57473	a	s21382	1
s57473	j	w20046	1
s57473	j	w25274	2
s57473	s	w20052	1
s57474	j	w4	1
s57474	j	w19016	2
s57474	j	w25245	3
s57475	j	w16684	1
s57475	j	w42831	2
s57476	a	s33602	1
s57476	j	w4	1
s57476	j	w49203	2
s57477	j	w8694	2
s57477	j	w9915	1
s57479	j	w4	1
s57479	j	w20528	2
s57480	j	w797	1
s57480	j	w14154	3
s57480	j	w31042	2
s57481	j	w4	1
s57481	j	w22305	2
s57481	j	w41640	3
s57482	s	s57483	1
s57483	j	w12446	1
s57483	j	w41830	2
s57483	s	s57482	1
s57484	j	w12446	1
s57484	j	w30483	2
s57485	j	w47809	1
s57486	b	w11430	1
s57486	s	w11763	1
s57488	b	w9779	1
s57488	s	w11763	1
s57489	b	w26912	1
s57490	j	w43542	1
s57491	j	w4	1
s57491	j	w19653	2
s57491	j	w41567	3
s57492	j	w4	1
s57492	j	w23375	2
s57493	s	w2646	1
s57494	j	w38122	1
s57494	j	w45701	2
s57495	j	w5524	2
s57495	j	w32552	1
s57497	b	w45792	1
s57498	j	w4	1
s57498	j	w20513	2
s57499	j	w4	1
s57499	j	w47023	2
s57500	j	w17263	2
s57500	j	w27763	1
s57500	s	w27842	1
s57501	j	w11263	2
s57501	j	w24711	1
s57501	s	w24314	1
s57505	j	w4039	1
s57505	j	w5169	2
s57506	j	w39790	2
s57506	j	w47682	1
s57507	j	w6892	2
s57507	j	w28795	1
s57507	j	w29139	3
s57508	j	w24325	1
s57510	j	w15597	2
s57510	j	w28632	1
s57511	j	s27347	1
s57512	j	w4581	1
s57512	j	w30210	2
s57513	j	w4600	1
s57513	j	w17456	2
s57514	j	w24298	1
s57514	j	w34286	2
s57515	s	w16046	1
s57516	j	w14459	2
s57516	j	w36457	1
s57517	j	w14459	1
s57517	j	w16439	2
s57520	j	w9779	1
s57520	j	w27763	2
s57520	s	w9779	1
s57521	b	w26950	1
s57522	j	w20206	2
s57522	j	w43485	1
s57522	s	w43543	1
s57523	j	w37487	1
s57525	j	w26475	2
s57525	j	w44957	1
s57526	s	s19582	2
s57526	s	w25387	1
s57528	j	w32851	1
s57528	j	w39475	2
s57528	s	w32830	1
s57529	j	w15706	1
s57529	j	w39475	2
s57529	s	s57530	1
s57530	j	w15706	1
s57530	j	w47053	2
s57530	s	s57529	1
s57531	j	w12967	1
s57531	j	w39475	2
s57531	s	w12898	1
s57532	a	w13693	1
s57532	j	w13693	1
s57532	j	w25245	2
s57532	s	s57533	2
s57532	s	w16063	1
s57533	a	w16334	1
s57533	j	w16334	1
s57533	j	w25245	2
s57533	s	s57532	2
s57533	s	w16063	1
s57534	j	w31582	2
s57534	j	w45442	1
s57535	j	w5167	1
s57535	j	w14154	2
s57535	s	s57536	3
s57535	s	w7183	1
s57535	s	w7195	2
s57536	j	w7180	1
s57536	j	w23388	2
s57536	s	s57535	3
s57536	s	w7183	1
s57536	s	w7195	2
s57537	j	w5208	1
s57537	j	w14154	2
s57538	j	w7180	1
s57538	j	w23301	2
s57538	j	w33622	3
s57539	j	w710	2
s57539	j	w22560	1
s57540	j	w22504	1
s57541	j	w4	1
s57541	j	w26589	2
s57542	j	w11781	2
s57542	j	w19344	1
s57542	s	s57543	1
s57543	j	w20898	1
s57543	j	w32959	2
s57543	s	s57542	1
s57545	j	w10023	1
s57545	j	w28948	2
s57546	j	w10569	2
s57546	j	w27763	1
s57547	j	w40428	1
s57549	a	s12117	1
s57549	j	w34661	1
s57549	j	w45298	2
s57550	j	w7986	1
s57550	j	w19398	2
s57551	s	s57552	1
s57552	j	w4201	1
s57552	j	w10443	2
s57552	j	w14154	3
s57552	s	s57551	1
s57553	j	w7964	1
s57553	j	w37502	2
s57554	j	w16703	1
s57554	j	w39475	2
s57556	s	s57557	1
s57557	s	s57556	1
s57558	j	w37953	1
s57558	j	w39475	2
s57559	j	w35080	1
s57559	j	w39475	2
s57560	j	w23660	2
s57560	j	w29703	1
s57561	j	w13062	1
s57561	j	w35797	2
s57562	j	w33444	1
s57562	j	w39475	2
s57563	j	w37487	1
s57563	j	w39475	2
s57564	j	w18221	2
s57564	j	w22781	1
s57565	j	w9736	1
s57567	j	w22368	2
s57567	j	w45542	1
s57568	j	w3991	2
s57568	j	w23301	1
s57568	s	w23337	1
s57569	j	w23337	1
s57569	j	w39475	2
s57570	j	w1472	1
s57570	j	w39475	2
s57571	j	w29676	1
s57571	j	w39475	2
s57572	j	w7616	2
s57572	j	w15961	1
s57574	j	w17011	2
s57574	j	w33173	1
s57574	s	s55914	1
s57576	s	w11556	1
s57577	j	w14154	2
s57577	j	w40053	1
s57578	j	w14154	3
s57578	j	w23301	2
s57578	j	w26191	1
s57579	j	w4	1
s57579	j	w29907	2
s57580	s	w5819	1
s57582	j	w10966	2
s57582	j	w11434	1
s57582	s	s57583	1
s57583	s	s57582	1
s57584	j	w49469	1
