example	text
e140000	schools, roads of communication too
e140001	the various fluids flowing from the body
e140002	the beams and joists as quickly as possible
e140003	confusion and perplexity come mixed in
e140004	anxiety, great distress
e140005	inform the repayment agents at once
e140006	a solar power system unit of 7.5 KVA power
e140007	from fencing in, many troubles arise
e140008	beautiful like a rainbow of different colours
e140009	because he is a brave man, he did not fear such things
e140010	Paul was a brave man
e140011	sources for reference and summary
e140012	lying down in it they receive teaching
e140013	for every grown person, living alone, apart and on one's own
e140014	who are newly appointed, this afternoon
e140015	the body without suffering death
e140016	his response through the book
e140017	with their getting approval to fight IS
e140018	one will have to wait a long time to board the plane again
e140019	because Korea tested nuclear bombs again and again
e140020	if needed, reconciling again and again is to be done
e140021	crowded full of people
e140022	how full they lie under the soil of Zogam is not known
e140023	they turned them back to go back
e140024	the echoing sound
e140025	there is no retaliation or connection with that matter
e140026	opposing reaction and the wish for what is better
e140027	remembering that, let us be renewed
e140028	only the Spirit of God who will mend and restore us
e140029	his wrong and his rightness have not yet been told
e140030	so that whatever thing is done without error
e140031	being busy themselves, they will rather want to be busy
e140032	a bird smaller than the bulbul, with fluffed-up feathers
e140033	if you are without hope and downcast
e140034	let us not always worry and be downcast
e140035	also for the sake of the neighbours to be as quiet as possible
e140036	for the sake of the future, from the centenary festival
e140037	the UK rulers also held receptions
e140038	saying may other peoples be on a par
e140039	the bob-tailed hen has run off
e140040	the second reason, in the democratic tradition
e140041	BACS published it in the second week of April
e140042	only a little ease for our people's self-reliance
e140043	wanting to catch a snake with another's hand
e140044	dangerous snakes and such
e140045	to throw away the unwanted things separately
e140046	very sharp-nosed, very high in government service
e140047	blocking by force is a kind of oppression of minorities
e140048	therefore he was shut up in prison
e140049	one night he was arrested and shut in prison
e140050	the slide alone is 1710 metres long
e140051	when we look at the track of the white people
e140052	let us not wander about drunk with liquor
e140053	that we do not drive drunk on intoxicants
e140054	a village was never founded without the smith and the drummer
e140055	they will sneer at you
e140056	not answering, sneering, mocking, opposing, slandering
e140057	when they blow their nose, tissue paper
e140058	one who has grown big yet still snivels
e140059	it smells very much of soap
e140060	unity is not agreement on everything
e140061	without sulking at all, without complaining at all
e140062	never talks back to her husband sulkily before others
e140063	Zomi youth have entered a new era in the upheaval of the world
e140064	in the upheaval of the world, the way of the family
e140065	with wide vision and broad thinking
e140066	smaller than the dove, bigger than the sparrow
e140067	such as the sparrow, Baaibek, the dove, Musii
e140068	then his grandmother, the potato
e140069	on behalf of the Chicago Zomi families
e140070	able to attend the UNO meeting on behalf of the Zomi
e140071	shall we call them our stepfather's children
e140072	those who have a stepfather are not at ease either
e140073	sewed up the goatskin again
e140074	in that direction there is a gem mine
e140075	as it was purposed
e140076	pagodas are seen in every place
e140077	chose only those fit to be his companions
e140078	despising and suppressing other peoples is the start of ruin
e140079	the man who struck the high priest's servant with a sword
e140080	they gave a broiled fish
e140081	roast meat found in Indonesia
e140082	beans, taro, tangkun and such began to be grown
e140083	80% of the teak of the whole world is in Burma
e140084	precious stones, teak, minerals from the ground
e140085	in the matter of trade agreements, the same as within the country
e140086	said that striking the ground with the face is called beating
e140087	I squandered everything I had
e140088	their life would be called tiresome
e140089	if one has no aim it is a very tiresome thing
e140090	because they teach slowly what we already learned, it is too boring
e140091	suffering pricking with a needle for injecting medicine, meeting hardship
e140092	in the park a bronze statue of the man who first made electric light is placed
e140093	what happened concerning the earthquake in Japan in March 2011
e140094	skilled at making songs, one skilled at making tunes
e140095	after the 1988 people's uprising in Burma
e140096	the conduct of the leaders of the people's uprising
e140097	after the 1988 uprising of the Burmese people took place
e140098	ugly and beautiful, bad heart and good heart
e140099	rich and poor, beautiful and ugly, an equality
e140100	those uglier than you are very many
e140101	it has become a union of those gathered together
e140102	union is stronger than ever dividing
e140103	at the place of our union, Zinkhak and Thalloh
e140104	let no one separate the people God has joined
e140105	five men holding a UN card are urgently needed
e140106	discrimination, violence and destruction increase more and more
e140107	with my teacher in a wide valley of Sehpeau
e140108	into the wide valley closely surrounded
e140109	because good varnish is applied
e140110	in my bed, covered with a blanket, this letter
e140111	they lie covered with a blanket
e140112	when they took off the baby's wrapping
e140113	people's food and food packaging
e140114	through constantly remembering the goodness of God
e140115	constant fellowship with God is not necessarily had
e140116	a US warplane F-15C that took off
e140117	a very sharp metal plate made for cutting
e140118	on a silver plate with the famous teachers
e140119	meanwhile I locked the bathroom door firmly
e140120	where the strap is tied to the guitar body and neck
e140121	bear skin is used to tie its strap
e140122	they keep close together like a pair of weasels
e140123	we talked like people together for many years
e140124	the babies were kept by old folk, those unable to work
e140125	we will help orphans, widows, widowers and the old
e140126	the small one could not bear even a wild cat as enemy
e140127	oh my sibling, in the middle of the forest I am very wretched
e140128	the living God is truly worthy of worship
e140129	is a God who has these worth worshipping
e140130	longing only for the poor wretched Zomi in Malaysia
e140131	grown old and wrinkled, no longer strong
e140132	her head, left wrist, legs and back
e140133	if the skin is too yellow
