example	sense	start	length
e45000	s43042	2	1
e45001	s43043	2	1
e45002	s43044	1	1
e45003	s43044	1	1
e45004	s43046	2	1
e45005	s43046	5	1
e45006	s43046	2	1
e45007	s43048	3	1
e45008	s43048	3	1
e45009	s43049	2	1
e45010	s43049	1	1
e45011	s43050	2	1
e45012	s43050	2	1
e45013	s43052	3	1
e45014	s43052	3	1
e45015	s43052	2	1
e45016	s43057	5	1
e45017	s43057	3	1
e45018	s43058	5	1
e45019	s43058	5	1
e45020	s43059	5	1
e45021	s43060	2	1
e45022	s43060	4	1
e45023	s43062	2	1
e45024	s43062	2	1
e45025	s43062	4	1
e45026	s43063	3	1
e45027	s43063	2	1
e45028	s43064	4	1
e45029	s43065	5	1
e45030	s43065	3	1
e45031	s43066	4	1
e45032	s43066	3	1
e45033	s43066	3	1
e45034	s43067	1	1
e45035	s43067	3	1
e45036	s43067	2	1
e45037	s43067	4	1
e45038	s43069	2	1
e45039	s43069	3	1
e45040	s43070	1	1
e45041	s43070	2	1
e45042	s43071	4	1
e45043	s43071	2	1
e45044	s43072	2	1
e45045	s43072	2	1
e45046	s43073	3	1
e45047	s43073	2	1
e45048	s43074	3	1
e45049	s43074	3	1
e45050	s43074	2	1
e45051	s43075	4	1
e45052	s43075	2	1
e45053	s43076	2	1
e45054	s43076	3	1
e45055	s43077	4	1
e45056	s43077	7	1
e45057	s43077	2	1
e45058	s43077	4	1
e45059	s43077	5	1
e45060	s43077	4	1
e45061	s43077	6	1
e45062	s43077	4	1
e45063	s43077	5	1
e45064	s43077	5	1
e45065	s43077	2	1
e45066	s43078	3	2
e45066	s44544	4	1
e45067	s43078	3	2
e45068	s43078	5	2
e45069	s43079	2	2
e45070	s43079	2	2
e45071	s43080	5	1
e45072	s43080	2	1
e45073	s43083	4	1
e45074	s43083	6	1
e45075	s43084	2	1
e45076	s43084	3	1
e45077	s43086	9	1
e45078	s43086	4	1
e45079	s43090	4	1
e45080	s43090	8	1
e45081	s43090	6	1
e45082	s41100	3	1
e45082	s43090	5	1
e45083	s43090	4	1
e45084	s43090	6	1
e45085	s43090	8	1
e45086	s43090	5	1
e45087	s43090	4	1
e45088	s43092	1	1
e45089	s43092	1	1
e45090	s43092	2	1
e45091	s43093	2	1
e45092	s43095	1	1
e45093	s43095	1	1
e45094	s43096	3	1
e45095	s43096	1	1
e45096	s43097	2	1
e45097	s43097	2	1
e45098	s43098	2	1
e45099	s43098	3	1
e45100	s43098	6	1
e45101	s43098	4	1
e45102	s43098	4	1
e45103	s43098	5	1
e45104	s43098	5	1
e45105	s43098	3	1
e45106	s43098	3	1
e45107	s43098	3	1
e45108	s43098	3	1
e45109	s43098	4	1
e45110	s43098	2	1
e45111	s43099	2	2
e45112	s43099	4	2
e45113	s43102	2	1
e45114	s43102	3	1
e45115	s43104	3	1
e45116	s43104	3	1
e45117	s43104	2	1
e45118	s43105	2	1
e45119	s43106	1	1
e45120	s43106	1	1
e45121	s43108	2	1
e45122	s43108	2	1
e45123	s43108	2	1
e45124	s43111	2	1
e45125	s43111	3	1
e45126	s43111	6	1
e45127	s43113	4	1
e45128	s43114	2	1
e45129	s43117	5	1
e45130	s43117	5	1
e45131	s43134	4	1
e45132	s43134	8	1
e45133	s43134	7	1
e45134	s43134	7	1
e45135	s43134	2	1
e45136	s43134	5	1
e45137	s43140	2	1
e45138	s43140	3	1
e45139	s43141	3	1
e45140	s43141	3	1
e45141	s43146	1	1
e45142	s43146	4	1
e45143	s43147	2	1
e45144	s43151	4	1
e45145	s43151	5	1
e45146	s43151	3	1
e45147	s43152	9	1
e45148	s43152	6	1
e45149	s43153	1	1
e45150	s43158	5	1
e45151	s43161	2	1
e45152	s43161	5	1
e45153	s43161	1	1
e45154	s43161	1	1
e45155	s43165	6	1
e45156	s43165	3	1
e45157	s43166	7	1
e45158	s43166	2	1
e45159	s43169	5	2
e45160	s43169	5	2
e45161	s43170	2	1
e45162	s43170	1	1
e45163	s43171	2	1
e45164	s43171	2	1
e45165	s43172	6	1
e45166	s43172	1	1
e45167	s43173	4	1
e45168	s43173	2	1
e45169	s43176	1	2
e45170	s43176	1	2
e45171	s43178	1	1
e45172	s43178	3	1
e45173	s43182	3	1
e45173	s50704	2	1
e45174	s43182	4	1
e45175	s43182	2	1
e45176	s43184	6	1
e45177	s43184	4	1
e45178	s43184	2	1
e45179	s43185	3	1
e45180	s43185	3	1
e45181	s43185	2	1
e45182	s43188	2	1
e45183	s43188	5	1
e45184	s43188	3	1
e45185	s43189	5	1
e45186	s43191	1	1
e45187	s43191	1	1
e45188	s43191	3	1
e45189	s43192	1	2
e45190	s43192	5	2
e45191	s43198	5	1
e45192	s43198	7	1
e45193	s43198	5	1
e45194	s43199	4	1
e45195	s43199	6	1
e45196	s43200	5	1
e45197	s43200	5	1
e45198	s43206	4	1
e45199	s43206	2	1
e45200	s43206	2	1
e45201	s43207	4	1
e45202	s43207	5	1
e45203	s43207	1	1
e45204	s43211	5	1
e45205	s43211	4	1
e45206	s43212	5	1
e45207	s43212	5	1
e45208	s43214	1	1
e45209	s43214	5	1
e45210	s43214	4	1
e45211	s43216	2	1
e45212	s43217	4	1
e45213	s43217	3	1
e45214	s43217	1	1
e45215	s43219	4	2
e45216	s43219	1	2
e45217	s43219	3	2
e45218	s43223	2	1
e45219	s43223	7	1
e45220	s43223	2	1
e45221	s43225	1	1
e45222	s43225	1	1
e45223	s43228	6	1
e45224	s43230	4	1
e45225	s43230	5	1
e45226	s43231	5	1
e45227	s43231	5	1
e45228	s43232	3	1
e45229	s43232	7	1
e45230	s43232	4	1
e45231	s43232	4	1
e45232	s43232	2	1
e45233	s43232	3	1
e45234	s43232	2	1
e45235	s43232	5	1
e45236	s43237	1	2
e45237	s43237	3	2
e45238	s43238	7	2
e45239	s43238	5	2
e45240	s43238	2	2
e45241	s43240	1	1
e45242	s43240	3	1
e45243	s43241	6	1
e45244	s43244	3	1
e45245	s43244	6	1
e45246	s43252	3	1
e45247	s43252	2	1
e45248	s43253	1	1
e45249	s43253	1	1
e45250	s43253	3	1
e45251	s43253	2	1
e45252	s43253	4	1
e45253	s43253	1	1
e45254	s43253	1	1
e45255	s43253	5	1
e45256	s43253	2	1
e45257	s43253	2	1
e45258	s43253	3	1
e45259	s43253	2	1
e45260	s43257	2	1
e45261	s43257	2	1
e45262	s43257	1	1
e45263	s43261	2	1
e45264	s43261	1	1
e45265	s43264	4	1
e45266	s43264	4	1
e45266	s44441	2	1
e45267	s43264	6	1
e45268	s43265	4	1
e45269	s43265	4	1
e45270	s43266	1	1
e45271	s43266	1	1
e45272	s43268	3	1
e45273	s43279	6	1
e45274	s43282	2	1
e45275	s43282	2	1
e45276	s43282	4	1
e45277	s43286	1	1
e45278	s43287	2	1
e45279	s43287	5	1
e45280	s43287	1	1
e45281	s43288	1	1
e45282	s43289	3	1
e45283	s43289	4	1
e45284	s43290	2	1
e45285	s43292	4	1
e45286	s43292	2	1
e45287	s43298	4	1
e45288	s43298	4	1
e45289	s43300	2	1
e45290	s43302	1	1
e45291	s43302	1	1
e45292	s43303	7	1
e45293	s43303	8	1
e45294	s43304	4	1
e45295	s43307	1	1
e45296	s43307	1	1
e45297	s43307	4	1
e45298	s43307	2	1
e45299	s43307	2	1
e45300	s43312	2	1
e45301	s43313	1	1
e45302	s43313	3	1
e45303	s43314	4	1
e45304	s43314	1	1
e45305	s43314	4	1
e45306	s43314	3	1
e45307	s43316	4	1
e45308	s43316	5	1
e45309	s43317	4	1
e45310	s43317	1	1
e45311	s43317	2	1
e45312	s5	5	1
e45312	s43317	3	1
e45313	s43317	4	1
e45313	s45739	5	1
e45314	s8280	4	1
e45314	s43317	3	1
e45315	s43318	2	1
e45316	s43319	1	1
e45316	s44515	4	1
e45316	s48264	2	1
e45317	s43322	1	2
e45318	s43322	1	2
e45319	s43322	1	2
e45320	s43323	1	1
e45321	s43324	1	1
e45322	s43326	1	1
e45323	s43327	4	1
e45324	s43327	3	1
e45325	s43327	1	1
e45326	s43329	2	1
e45327	s43330	6	1
e45328	s43331	3	1
e45329	s43331	3	1
e45330	s43333	2	1
e45331	s43335	1	1
e45332	s43336	3	1
e45333	s43336	6	1
e45334	s43338	3	1
e45335	s43338	3	1
e45336	s43338	2	1
e45337	s43339	1	1
e45338	s43344	4	1
e45339	s43344	1	1
e45340	s43345	5	1
e45341	s43346	7	1
e45342	s43346	4	1
e45343	s43347	4	1
e45344	s43347	1	1
e45345	s43347	3	1
e45346	s8268	1	1
e45346	s43347	2	1
e45347	s43347	2	1
e45348	s43347	2	1
e45348	s49406	3	1
e45349	s43349	2	2
e45350	s43349	1	2
e45351	s43350	1	2
e45352	s43350	1	2
e45353	s43351	1	1
e45354	s43351	3	1
e45355	s43352	4	1
e45356	s43352	4	1
e45357	s43355	3	1
e45358	s43358	3	1
e45359	s43358	4	1
e45360	s43358	5	1
e45361	s43359	1	1
e45362	s43359	3	1
e45363	s43360	1	2
e45364	s43360	1	2
e45365	s43361	3	1
e45366	s43361	1	1
e45367	s43366	4	1
e45368	s43366	1	1
e45369	s43367	6	1
e45370	s43367	2	1
e45371	s43370	6	1
e45372	s43372	1	1
e45373	s43376	4	1
e45374	s43376	4	1
e45375	s43377	2	1
e45376	s43377	4	1
e45377	s43386	5	1
e45378	s43386	7	1
e45379	s43388	4	1
e45380	s43388	2	1
e45381	s43388	5	1
e45382	s43390	2	1
e45383	s43390	2	1
e45384	s43392	5	2
e45385	s43392	5	2
e45386	s43402	5	1
e45387	s43402	3	1
e45388	s43402	2	1
e45389	s43404	2	1
e45390	s43404	2	1
e45391	s43404	2	1
e45392	s43405	2	1
e45393	s43405	2	1
e45394	s43406	2	1
e45395	s43406	3	1
e45396	s43406	3	1
e45397	s43409	2	1
e45398	s43410	2	1
e45399	s43412	2	1
e45400	s43413	1	1
e45401	s43413	2	1
e45402	s43414	3	1
e45403	s43414	7	1
e45404	s43416	2	1
e45405	s43426	2	1
e45406	s43426	1	1
e45407	s43438	7	1
e45408	s43438	5	1
e45409	s43440	3	2
e45410	s43440	2	2
e45411	s43440	4	2
e45412	s43441	4	1
e45413	s43441	1	1
e45414	s43450	1	1
e45415	s43450	5	1
e45416	s43451	3	1
e45417	s43451	6	1
e45418	s43452	6	1
e45419	s43452	3	1
e45420	s43452	2	1
e45421	s43455	7	1
e45422	s43455	4	1
e45423	s43455	3	1
e45424	s43456	4	1
e45425	s43456	4	1
e45426	s43463	1	1
e45427	s43463	3	1
e45428	s43463	1	1
e45429	s43470	1	1
e45430	s43470	2	1
e45431	s43471	4	1
e45432	s43471	4	1
e45433	s43472	1	1
e45434	s43472	1	1
e45435	s43474	1	1
e45436	s43475	2	1
e45437	s43479	1	1
e45438	s43479	3	1
e45439	s43485	6	1
e45440	s43485	6	1
e45441	s43485	5	1
e45442	s43491	5	2
e45443	s43491	5	2
e45444	s43491	3	2
e45445	s43492	3	1
e45446	s43492	5	1
e45447	s43497	2	1
e45448	s43498	1	1
e45449	s43501	2	1
e45450	s43501	2	1
e45451	s43502	2	1
e45452	s43504	2	1
e45453	s43504	2/4	1
e45454	s43504	2/4	1
e45455	s43504	2/4	1
e45456	s43508	3	1
e45457	s43509	2	2
e45458	s43509	3	2
e45459	s43510	5	2
e45460	s43510	5	2
e45461	s43510	5	2
e45462	s43511	2	2
e45463	s43511	4	2
e45464	s43512	3	2
e45465	s43512	4	2
e45466	s43512	2	2
e45467	s43513	2	2
e45468	s43513	5	2
e45469	s43514	5	3
e45470	s43514	4	3
e45471	s43515	2	2
e45472	s43515	2	2
e45473	s43516	4	2
e45474	s43516	5	2
e45475	s43517	2	2
e45476	s43517	2	2
e45477	s43518	4	2
e45478	s43518	2	2
e45479	s43519	3	2
e45480	s43519	2	2
e45481	s43519	3	2
e45482	s43520	3	2
e45483	s43521	4	2
e45484	s43521	5	2
e45485	s43521	2	2
e45486	s43522	2	2
e45487	s43522	5	2
e45488	s43522	1	2
e45489	s43523	3	2
e45490	s43523	5	2
e45491	s43523	3	2
e45492	s43524	2	2
e45493	s43524	3	2
e45494	s43524	4	2
e45495	s43525	2	2
e45496	s43526	3	2
e45497	s43526	2	2
e45498	s43526	4	2
e45499	s43527	6	2
e45500	s43527	4	2
e45501	s43528	6	2
e45502	s43528	2	2
e45503	s43529	5	2
e45504	s43530	2	2
e45505	s43530	3	2
e45506	s43531	4	1
e45507	s43532	1	1
e45508	s43533	4	1
e45509	s43533	1	1
e45510	s43534	4	1
e45511	s43537	2	1
e45512	s43537	3	1
e45513	s43537	5	1
e45514	s43538	4	1
e45515	s43538	4	1
e45516	s43539	2	1
e45517	s43539	3	1
e45518	s43540	4	1
e45519	s43540	6	1
e45520	s43543	2	1
e45521	s43543	2	1
e45522	s43552	2	1
e45523	s43552	3	1
e45524	s43553	2	1
e45525	s43553	4	1
e45526	s43553	5	1
e45527	s43553	7	1
e45528	s43553	5	1
e45528	s43986	3	1
e45529	s43553	7	1
e45529	s44186	6	1
e45530	s43553	2	1
e45531	s43553	3	1
e45532	s43553	5	1
e45533	s10283	1	1
e45533	s43553	3	1
e45534	s43556	1	1
e45535	s43557	5	1
e45536	s43558	3	1
e45537	s43558	3	1
e45538	s8873	1	1
e45538	s43559	2	1
e45539	s43559	5	1
e45540	s43559	5	1
e45541	s43561	4	1
e45542	s43561	4	1
e45543	s43562	4	1
e45544	s43562	5	1
e45545	s43565	3	1
e45546	s43565	5	1
e45547	s43570	4	1
e45548	s43570	4	1
e45549	s43570	4	1
e45550	s43571	4	1
e45551	s43571	4	1
e45552	s43571	7	1
e45553	s43572	4	1
e45554	s43572	3	1
e45555	s43575	4	1
e45556	s43575	3	1
e45557	s43578	4	1
e45558	s43581	4	1
e45559	s43581	5	1
e45560	s43581	5	1
e45561	s43582	5	1
e45562	s43582	4	1
e45563	s43585	3	1
e45564	s43585	2	1
e45565	s43594	3	1
e45566	s43603	1	1
e45567	s43603	2	1
e45568	s43604	1	1
e45569	s43604	4	1
e45570	s43604	3	1
e45571	s43604	2	1
e45572	s43604	6	1
e45573	s43604	3	1
e45574	s43604	1	1
e45575	s43606	4	1
e45576	s43606	1	1
e45577	s43608	1	2
e45578	s43608	1	2
e45579	s43610	3	1
e45580	s43610	2	1
e45581	s43611	2	1
e45581	s43614	1	1
e45582	s43613	4	1
e45583	s43613	4	1
e45584	s43616	8	1
e45585	s43616	3	1
e45586	s43616	6	1
e45587	s43616	5	1
e45588	s38408	3	1
e45588	s43616	6	1
e45589	s43616	5	1
e45590	s11514	2	1
e45590	s13628	4	1
e45590	s43616	3	1
e45591	s43620	6	1
e45592	s43620	5	1
e45593	s43622	1	2
e45594	s43622	1	2
e45595	s43623	4	1
e45596	s43623	1	1
e45597	s43625	5	1
e45598	s43625	3	1
e45599	s43626	4	1
e45600	s43631	1	1
e45601	s43631	1	1
e45602	s43631	1	1
e45603	s43632	5	1
e45604	s43632	2	1
e45605	s43633	4	1
e45606	s43633	3	1
e45607	s43634	3	1
e45608	s43634	1	1
e45609	s43634	4	1
e45610	s43635	1	1
e45611	s43635	1	1
e45612	s43635	1	1
e45613	s43636	3	1
e45614	s43637	2	1
e45615	s43637	5	1
e45616	s43637	4	1
e45617	s23307	2	1
e45617	s43637	5	1
e45618	s43637	2	1
e45619	s11989	1	1
e45619	s43637	3	1
e45620	s43637	2	1
e45621	s43637	4	1
e45622	s43637	2	1
e45622	s49671	4	1
e45623	s43637	2	1
e45624	s43637	5	1
e45625	s43637	6	1
e45626	s43640	2	2
e45627	s43640	2	2
e45628	s43641	6	1
e45629	s43641	1	1
e45630	s43643	2	1
e45631	s43643	3	1
e45632	s43646	5	1
e45633	s43646	3	1
e45634	s43648	1	1
e45635	s43648	1	1
e45636	s43649	4	1
e45637	s43649	4	1
e45638	s43650	1	1
e45639	s43660	3	1
e45640	s43661	4	1
e45641	s43661	4	1
e45642	s43664	3	1
e45643	s43664	3	1
e45644	s43665	2	1
e45645	s43665	3	1
e45646	s43666	4	1
e45647	s43668	6	1
e45648	s43668	2	1
e45649	s43668	5	1
e45650	s43671	2	2
e45651	s43673	4	1
e45652	s43675	4	1
e45653	s43675	3	1
e45654	s43679	3	1
e45655	s43679	4	1
e45656	s43680	4	1
e45657	s43680	1	1
e45658	s43681	3	1
e45659	s43686	4	1
e45660	s43686	6	1
e45661	s43686	5	1
e45662	s43687	2	1
e45663	s43687	5	1
e45664	s43689	1	1
e45665	s43690	3	1
e45666	s43690	4	1
e45667	s43690	3	1
e45668	s43690	4	1
e45668	s50130	2	1
e45669	s43690	6	1
e45670	s43690	2	1
e45671	s43690	6	1
e45672	s43690	5	1
e45673	s43690	6	1
e45674	s43691	4	1
e45675	s43692	4	1
e45676	s43692	3	1
e45677	s43693	5	1
e45678	s43693	4	1
e45679	s43694	2	1
e45680	s43694	2	1
e45681	s43700	6	1
e45682	s43700	5	1
e45683	s43701	1	1
e45684	s43701	4	1
e45685	s43704	5	1
e45686	s43704	4	1
e45687	s43705	5	1
e45688	s43705	3	1
e45689	s43709	1	1
e45690	s43709	5	1
e45691	s43716	5	1
e45692	s43717	8	1
e45693	s43717	4	1
e45694	s43721	3	1
e45695	s43721	4	1
e45696	s43724	3	1
e45697	s43728	3	1
e45698	s43728	2	1
e45699	s43729	3	1
e45700	s43729	4	1
e45701	s43729	4	1
e45702	s43729	5	1
e45703	s43729	3	1
e45704	s43729	4	1
e45705	s43729	5	1
e45706	s43729	4	1
e45707	s43729	5	1
e45708	s43729	4	1
e45709	s43729	5	1
e45710	s43729	6	1
e45711	s43731	2	1
e45712	s43731	3	1
e45713	s43733	1	2
e45714	s43733	4	2
e45715	s43747	4	1
e45716	s43747	3	1
e45717	s43748	5	1
e45718	s43749	2	2
e45719	s43749	4	2
e45720	s43749	2	2
e45721	s43751	2	1
e45722	s43751	2	1
e45723	s43761	1	1
e45724	s43763	2	2
e45725	s43763	2	2
e45726	s43764	6	1
e45727	s43766	3	1
e45728	s43766	4	1
e45729	s43766	5	1
e45730	s43770	2	1
e45731	s43770	2	1
e45732	s43774	3	1
e45733	s43774	4	1
e45734	s43777	5	1
e45735	s43777	4	1
e45736	s43777	6	1
e45737	s43778	2	1
e45738	s43778	8	1
e45739	s43778	2	1
e45740	s43779	5	1
e45741	s43781	4	1
e45742	s43786	2	1
e45743	s43786	4	1
e45744	s43787	1	1
e45745	s43787	3	1
e45746	s43788	1	1
e45747	s43788	1	1
e45748	s43789	2	1
e45749	s43792	4	1
e45750	s43792	1	1
e45751	s43793	1	1
e45752	s43793	5	1
e45753	s43794	1	1
e45754	s43794	2	1
e45755	s43795	3	1
e45756	s43795	1	1
e45757	s43798	5	1
e45758	s43799	1	1
e45759	s43800	1	1
e45759	s46453	2	1
e45760	s43800	4	1
e45761	s43801	2	1
e45762	s43801	4	1
e45763	s43801	3	1
e45764	s43802	3	1
e45765	s43802	3	1
e45766	s43803	1	1
e45767	s43803	7	1
e45768	s43806	2	1
e45769	s43806	2	1
e45770	s43807	2	1
e45771	s43807	3	1
e45772	s43807	4	1
e45773	s43808	3	1
e45774	s43808	5	1
e45775	s43808	2	1
e45776	s43810	1	1
e45777	s43810	4	1
e45778	s43811	2	1
e45779	s43811	4	1
e45780	s43812	3	1
e45781	s43813	1	1
e45782	s43814	4	1
e45783	s43814	1	1
e45784	s43817	6	2
e45785	s43817	7	2
e45786	s43817	1	2
e45787	s43824	4	1
e45788	s28821	3	1
e45788	s43825	1	1
e45789	s43825	1	1
e45790	s43825	1	1
e45791	s43826	6	2
e45792	s43826	1	2
e45793	s43827	4	1
e45794	s43827	2	1
e45795	s43828	3	1
e45796	s43829	2	1
e45797	s43829	1	1
e45798	s43830	2	1
e45799	s43830	3	1
e45800	s43831	5	1
e45801	s43831	4	1
e45802	s43832	4	1
e45803	s6547	6	1
e45803	s43832	1	1
e45804	s43832	2	1
e45805	s43834	6	1
e45806	s43837	2	1
e45807	s43837	3	1
e45808	s43837	4	1
e45809	s43838	2	1
e45810	s36217	4	1
e45810	s43838	7	1
e45811	s43838	1	1
e45812	s43838	3	1
e45813	s43838	2	1
e45814	s43838	3	1
e45815	s43838	6	1
e45815	s51131	4	1
e45816	s43838	2	1
e45817	s43838	4	1
e45818	s43838	3	1
e45819	s43841	1	1
e45820	s43841	4	1
e45821	s43853	2	1
e45822	s43853	4	1
e45823	s43853	2	1
e45824	s43854	2	1
e45825	s43854	3	1
e45826	s43859	1	1
e45827	s43859	2	1
e45828	s43860	2	1
e45829	s43860	2	1
e45830	s43860	8	1
e45831	s43861	5	1
e45832	s43861	2	1
e45833	s43862	1	1
e45834	s43862	4	1
e45835	s43863	6	1
e45836	s43864	4	1
e45837	s43864	7	1
e45838	s43867	3	1
e45839	s43867	5	1
e45840	s43868	3	1
e45841	s43868	3	1
e45842	s43869	2	1
e45843	s43869	1	1
e45844	s43871	5	1
e45845	s43871	8	1
e45846	s43875	6	1
e45847	s43875	2	1
e45848	s43888	4	1
e45849	s43888	6	1
e45850	s43888	5	1
e45851	s43889	1	1
e45852	s43889	5	1
e45853	s43890	2	1
e45854	s43890	2	1
e45855	s43891	2	1
e45855	s49875	5	1
e45856	s43891	3	1
e45857	s43895	2	1
e45858	s43895	3	1
e45859	s43896	3	1
e45860	s43896	2	1
e45861	s43898	2	1
e45862	s43898	3	1
e45863	s43898	3	1
e45864	s43901	1	1
e45865	s43912	3	1
e45866	s43912	4	1
e45867	s43912	3	1
e45868	s43914	2	1
e45869	s43914	2	1
e45870	s43915	6	1
e45871	s43915	3	1
e45872	s43917	9	1
e45873	s43919	7	1
e45874	s43919	5	1
e45875	s43921	3	1
e45876	s43921	3	1
e45877	s43926	1	1
e45878	s43927	5	1
e45879	s43930	1	2
e45880	s43930	2	2
e45881	s43931	4	1
e45882	s43931	3	1
e45883	s43931	4	1
e45884	s43933	7	1
e45885	s43934	2	1
e45886	s43934	2	1
e45887	s43937	5	1
e45888	s43937	4	1
e45889	s43941	2	1
e45890	s43941	6	1
e45891	s43945	4	1
e45892	s43945	6	1
e45893	s43946	3	1
e45894	s43946	5	1
e45895	s43951	5	1
e45896	s43951	4	1
e45897	s43952	5	1
e45898	s43956	6	1
e45899	s43956	2	1
e45900	s43960	1	1
e45901	s43960	4	1
e45902	s43960	5	1
e45903	s43968	4	1
e45904	s43968	3	1
e45905	s43975	1	1
e45906	s43975	1	1
e45907	s43978	5	1
e45908	s43978	7	1
e45909	s43979	2	1
e45910	s43981	4	1
e45911	s43981	4	1
e45912	s43983	1	1
e45913	s43984	4	1
e45914	s43984	4	1
e45915	s43990	3	1
e45916	s43990	4	1
e45917	s43990	6	1
e45918	s43991	5	2
e45919	s43991	5	2
e45920	s43993	5	1
e45921	s43993	5	1
e45922	s43995	7	1
e45923	s43995	5	1
e45924	s43995	4	1
e45925	s43997	2	1
e45926	s43997	4	1
e45927	s44001	3	1
e45928	s44002	1	1
e45929	s44002	4	1
e45930	s44004	3	1
e45931	s44004	7	1
e45932	s44007	1	1
e45933	s44009	5	1
e45934	s44009	6	1
e45935	s44010	4	1
e45936	s44010	3	1
e45937	s44011	2	1
e45938	s44011	2	1
e45939	s44016	3	1
e45940	s44016	2	1
e45941	s44016	5	1
e45942	s44017	5	1
e45943	s44017	2	1
e45944	s44021	5	1
e45945	s44021	3	1
e45946	s44022	3	1
e45947	s44022	1	1
e45948	s44022	3	1
e45949	s44024	8	2
e45950	s44024	7	2
e45951	s44024	4	2
e45952	s44025	9	1
e45953	s44025	9	1
e45954	s44027	5	1
e45955	s44027	2	1
e45956	s44030	7	1
e45957	s44030	4	1
e45958	s44030	3	1
e45959	s44031	3	1
e45960	s44031	5	1
e45961	s44033	2	1
e45962	s44033	5	1
e45963	s44033	4	1
e45964	s44034	5	1
e45965	s44034	4	1
e45966	s44038	6	1
e45967	s44038	7	1
e45968	s44039	8	1
e45969	s44041	1	1
e45970	s44042	5	1
e45971	s44042	3	1
e45972	s44043	6	1
e45973	s44043	1	1
e45974	s44044	2	1
e45975	s44044	1	1
e45976	s5873	3	1
e45976	s44048	4	1
e45977	s44049	4	1
e45978	s44049	3	1
e45979	s44049	3	1
e45980	s44049	2	1
e45981	s44049	5	1
e45982	s44049	6	1
e45983	s44049	4	1
e45984	s44049	2	1
e45985	s44051	4	1
e45986	s44051	10	1
e45987	s44051	6	1
e45988	s44054	2	1
e45989	s44058	2	1
e45990	s44058	4	1
e45991	s44058	4	1
e45992	s44059	3	1
e45993	s44060	1	1
e45994	s44060	4	1
e45995	s44064	1	1
e45996	s44064	2	1
e45997	s44065	5	1
e45998	s44065	5	1
e45999	s44065	4	1
e46000	s44066	4	1
e46001	s44068	1	1
e46002	s44068	1	1
e46003	s44069	6	1
e46004	s44070	5	1
e46005	s44070	4	1
e46006	s44071	6	1
e46007	s44072	6	1
e46008	s44072	4	1
e46009	s44076	2	1
e46010	s44076	2	1
e46011	s44077	5	1
e46012	s44077	1	1
e46013	s44078	3	1
e46014	s44078	3	1
e46015	s44080	4	1
e46016	s44080	4	1
e46017	s44081	4	1
e46018	s44081	2	1
e46019	s44081	3	1
e46020	s44082	1	1
e46021	s44082	1	1
e46022	s44083	6	1
e46023	s44084	3	1
e46024	s44084	7	1
e46025	s44084	8	1
e46026	s44084	5	1
e46027	s44085	1	1
e46028	s44085	6	1
e46029	s44085	3	1
e46030	s44091	2	1
e46031	s44091	4	1
e46032	s44092	5	1
e46033	s44094	7	1
e46034	s44094	3	1
e46035	s44095	6	1
e46036	s44095	5	1
e46037	s44098	5	3
e46038	s44099	9	3
e46039	s44102	4	1
e46040	s44102	6	1
e46041	s44102	3	1
e46042	s44103	3	1
e46043	s44103	7	1
e46044	s44104	3	1
e46045	s44104	2	1
e46046	s44105	2	1
e46047	s44105	5	1
e46048	s44106	6	1
e46049	s44106	7	1
e46050	s44107	2	1
e46051	s44107	2	1
e46052	s44107	7	1
e46053	s44110	2	1
e46054	s44110	3	1
e46055	s44110	2	1
e46056	s44111	1	1
e46057	s11185	5	1
e46057	s44111	2	1
e46057	s44563	8	1
e46058	s44112	4	1
e46059	s44112	2	1
e46060	s44113	2	1
e46061	s44113	7	1
e46062	s44114	5	1
e46063	s44114	3	1
e46064	s44115	3	1
e46065	s44116	6	1
e46066	s44116	2	1
e46067	s44117	7	1
e46068	s44117	7	1
e46069	s44118	3	1
e46070	s44118	3	1
e46071	s44119	1	1
e46072	s44119	1	1
e46073	s44121	1	1
e46074	s44121	7	1
e46075	s44123	2	1
e46076	s44129	7	1
e46077	s44129	1	1
e46078	s44129	5	1
e46079	s44130	7	1
e46080	s44130	7	1
e46081	s44131	7	1
e46082	s44131	7	1
e46083	s44132	3	1
e46084	s44132	1	1
e46085	s44133	8	1
e46086	s44134	7	1
e46087	s44134	4	1
e46088	s44135	10	1
e46089	s29249	1	1
e46089	s44135	5	1
e46090	s44137	5	1
e46091	s44137	6	1
e46092	s44137	5	1
e46093	s44138	2	1
e46094	s44139	2	1
e46095	s44139	6	1
e46096	s44139	4	1
e46097	s44140	3	1
e46098	s44140	3	1
e46099	s44142	5	1
e46100	s44142	9	1
e46101	s44143	2	1
e46102	s31216	6	1
e46102	s44143	3	1
e46103	s44143	2	1
e46104	s44146	7	1
e46105	s44146	6	1
e46106	s44147	4	1
e46107	s44147	4	1
e46108	s44148	2	1
e46109	s44148	2	1
e46110	s44149	7	1
e46111	s44150	5	1
e46112	s44155	3	1
e46113	s44155	4	1
e46114	s44155	4	1
e46115	s44155	8	1
e46116	s44156	6	1
e46117	s44160	2	1
e46118	s44160	4	1
e46119	s44161	4	1
e46120	s44161	2	1
e46121	s44162	5	1
e46122	s44163	2	1
e46123	s44163	3	1
e46124	s44163	1	1
e46125	s44164	1	1
e46126	s44164	4	1
e46127	s44164	4	1
e46128	s44164	1	1
e46129	s44164	5	1
e46130	s44164	3	1
e46131	s44164	2	1
e46132	s44164	2	1
e46133	s44164	2	1
e46134	s44164	6	1
e46134	s45289	2	1
e46135	s44164	3	1
e46136	s44164	1	1
e46137	s44169	4	2
e46138	s44169	2	2
e46139	s44170	3	1
e46140	s44170	2	1
e46141	s44171	2	1
e46142	s44171	2	1
e46143	s44172	2	1
e46144	s44172	5	1
e46145	s44173	1	1
e46146	s44176	1	1
e46147	s44176	2	1
e46148	s44180	1	1
e46149	s44181	2	1
e46150	s44181	3	1
e46151	s44182	4	1
e46152	s44182	1	1
e46153	s44182	3	1
e46154	s44183	4	1
e46155	s44183	3	1
e46156	s44184	6	1
e46157	s44184	1	1
e46158	s44185	4	1
e46159	s44185	6	1
e46160	s44186	5	1
e46161	s44186	3	1
e46162	s44186	4	1
e46163	s44186	3	1
e46164	s44187	3	2
e46165	s44187	1	2
e46166	s44188	1	1
e46167	s44188	2	1
e46168	s44189	2	1
e46169	s44189	4	1
e46170	s44190	6	1
e46171	s44190	4	1
e46172	s44191	2	1
e46173	s44191	1	1
e46174	s44192	4	1
e46175	s44192	3	1
e46176	s44193	3	1
e46177	s44195	2	1
e46178	s44195	3	1
e46179	s44197	1	1
e46180	s44198	1	1
e46181	s44198	1	1
e46182	s44199	4	1
e46183	s44199	5	1
e46184	s10669	5	1
e46184	s44199	6	1
e46185	s44199	7	1
e46186	s44199	4	1
e46187	s44199	6	1
e46188	s44199	4	1
e46189	s44199	3	1
e46190	s44199	8	1
e46191	s44199	6	1
e46192	s44201	3	1
e46193	s44201	3	1
e46193	s50597	5	1
e46194	s44201	3	1
e46195	s44202	1	1
e46196	s44202	1	1
e46197	s44203	5	1
e46198	s44206	4	1
e46199	s44209	4	1
e46200	s44209	4	1
e46201	s44209	4	1
e46202	s44212	4	1
e46203	s44212	6	1
e46204	s44212	2	1
e46205	s44215	2	1
e46206	s44215	2	1
e46207	s44218	2	1
e46208	s44218	2	1
e46209	s44223	4	1
e46210	s44223	3	1
e46211	s44224	5	1
e46212	s44224	3	1
e46213	s44225	2	1
e46214	s44225	3	1
e46215	s44225	2	1
e46216	s44227	4	1
e46217	s44227	4	1
e46218	s44227	4	1
e46219	s44234	2	1
e46220	s44234	3	1
e46221	s44237	3	1
e46222	s44237	3	1
e46223	s44238	7	1
e46224	s44238	2	1
e46225	s44239	4	1
e46226	s44239	4	1
e46227	s44242	4	1
e46228	s44242	6	1
e46229	s44244	3	1
e46230	s44244	2	1
e46231	s44244	2	1
e46232	s44245	3	1
e46233	s44245	2	1
e46234	s44247	2	1
e46235	s44252	4	2
e46236	s44252	1	2
e46237	s44254	1	1
e46238	s44254	3	1
e46239	s44255	3	1
e46240	s44255	2	1
e46241	s44257	1	1
e46242	s44257	2	1
e46243	s44268	2	1
e46244	s44268	1	1
e46245	s44270	7	1
e46246	s44270	5	1
e46247	s44271	3	1
e46248	s44271	3	1
e46249	s44274	3	1
e46250	s44277	4	1
e46251	s44277	3	1
e46252	s44277	7	1
e46253	s44278	5	1
e46254	s44278	4	1
e46255	s44278	3	1
e46256	s44279	4	1
e46257	s44279	3	1
e46258	s44280	2	1
e46259	s44280	3	1
e46260	s44280	5	1
e46261	s44281	3	1
e46262	s44282	3	1
e46263	s44282	3	1
e46264	s44284	3	1
e46265	s44284	3	1
e46266	s44285	4	1
e46267	s44286	5	1
e46268	s44286	4	1
e46269	s44287	5	1
e46270	s44288	7	1
e46271	s44291	3	1
e46272	s44291	1	1
e46273	s44293	6	1
e46274	s44293	5	1
e46275	s44293	1	1
e46276	s44294	2	1
e46277	s44294	1	1
e46278	s44295	4	1
e46279	s44295	4	1
e46280	s44296	4	1
e46281	s44296	3	1
e46282	s44297	1	1
e46283	s44297	3	1
e46284	s44300	5	1
e46285	s44300	4	1
e46286	s44301	2	1
e46287	s44301	3	1
e46288	s44302	1	1
e46289	s44302	2	1
e46290	s44303	3	1
e46291	s44303	5	1
e46292	s44304	3	1
e46293	s44304	5	1
e46294	s44305	2	2
e46295	s44305	4	2
e46296	s44306	4	1
e46297	s44306	3	1
e46298	s44307	1	1
e46299	s44307	3	1
e46300	s44308	2	1
e46301	s44309	2	1
e46302	s44309	3	1
e46303	s44310	6	1
e46304	s44310	2	1
e46305	s44310	3	1
e46306	s44311	3	1
e46307	s44311	3	1
e46308	s44311	3	1
e46309	s44312	4	1
e46310	s44312	4	1
e46311	s44312	6	1
e46312	s44313	4	1
e46313	s44313	4	1
e46314	s44314	5	1
e46315	s44314	2	1
e46316	s44314	4	1
e46317	s44315	1	2
e46318	s44316	4	1
e46319	s44317	1	1
e46320	s35513	2	1
e46320	s44317	1	1
e46321	s44317	2	1
e46322	s44318	3	1
e46323	s44318	4	1
e46324	s44319	2	1
e46325	s44319	2	1
e46326	s44320	6	1
e46327	s44320	5	1
e46328	s44321	7	1
e46329	s44321	5	1
e46330	s44322	3	1
e46331	s44322	5	1
e46332	s44323	4	1
e46333	s44323	1	1
e46334	s44324	1	1
e46335	s44324	4	1
e46336	s44324	5	1
e46337	s44325	2	1
e46338	s44325	3	1
e46339	s44326	3	1
e46340	s44326	4	1
e46341	s44326	5	1
e46342	s44327	5	1
e46343	s44327	2	1
e46344	s44330	3	1
e46345	s44331	3	2
e46346	s44331	3	2
e46347	s44332	2	2
e46348	s44332	2	2
e46349	s44332	1	2
e46350	s44333	3	2
e46351	s44333	6	2
e46352	s44333	7	2
e46353	s44334	4	2
e46354	s44334	4	2
e46355	s44335	1	3
e46356	s44335	1	3
e46357	s44335	2	3
e46358	s44336	3	1
e46359	s44337	4	1
e46360	s44337	4	1
e46361	s44338	2	1
e46362	s44339	5	1
e46363	s44340	2	1
e46364	s26248	1	1
e46364	s27162	6	1
e46364	s44341	2	1
e46365	s44342	3	1
e46366	s44342	5	1
e46367	s44343	1	1
e46368	s44344	7	1
e46369	s44345	1	1
e46370	s44345	1	1
e46371	s44345	5	1
e46372	s44361	1	1
e46373	s44361	1	1
e46374	s44366	5	2
e46375	s44366	1	2
e46376	s44367	6	1
e46377	s44367	5	1
e46378	s44370	2	2
e46379	s44370	4	2
e46380	s44370	1	2
e46381	s44371	5	2
e46382	s44371	4	2
e46383	s44372	4	1
e46384	s44375	4	3
e46385	s44376	4	1
e46386	s44376	2	1
e46387	s44377	2	1
e46388	s44378	3	1
e46389	s44378	2	1
e46390	s43260	2	1
e46390	s44380	5	1
e46391	s44380	4	1
e46392	s44380	3	1
e46393	s44380	5	1
e46394	s44380	3	1
e46395	s44380	2	1
e46396	s44380	2	1
e46397	s44380	2	1
e46398	s19685	3	1
e46398	s44380	5	1
e46399	s44380	2	1
e46400	s44382	2	1
e46401	s44382	6	1
e46402	s44383	3	1
e46403	s44383	3	1
e46404	s44385	3	1
e46405	s44400	4	1
e46406	s44400	1	1
e46407	s44401	1	1
e46408	s44401	1	1
e46409	s44410	4	1
e46410	s44412	3	1
e46411	s44412	4	1
e46412	s44413	2	1
e46413	s44413	4	1
e46414	s44414	4	1
e46415	s44416	7	1
e46416	s44416	6	1
e46417	s44436	1	1
e46418	s44436	1	1
e46419	s44436	1	1
e46420	s44437	1	2
e46421	s44437	5	2
e46422	s44438	1	1
e46423	s44438	2	1
e46424	s44439	1	1
e46425	s44439	3	1
e46426	s44440	5	1
e46426	s50853	1	1
e46427	s44440	3	1
e46428	s44440	1	1
e46429	s44441	2	1
e46430	s44441	3	1
e46431	s17617	7	1
e46431	s44441	2	1
e46432	s44441	4	1
e46433	s44441	5	1
e46434	s44441	4	1
e46435	s17321	2	1
e46435	s44441	3	1
e46436	s44441	6	1
e46437	s34577	1	1
e46437	s43949	2	1
e46437	s44441	5	1
e46438	s44446	3	1
e46439	s44446	4	1
e46440	s44447	5	1
e46441	s44448	1	1
e46442	s44452	1	1
e46443	s44461	5	1
e46444	s44461	4	1
e46445	s44461	3	1
e46446	s44462	1	1
e46447	s44462	1	1
e46448	s44469	3	1
e46449	s44470	6	1
e46450	s44470	2	1
e46451	s44472	7	1
e46452	s44476	3	1
e46453	s44476	5	1
e46454	s44483	5	1
e46455	s44486	3	1
e46456	s44486	3	1
e46457	s44488	2	1
e46458	s44488	5	1
e46459	s44488	2	1
e46460	s44490	2	1
e46461	s44490	1	1
e46462	s44491	3	1
e46463	s44491	2	1
e46464	s44492	9	1
e46465	s44492	3	1
e46466	s44493	4	1
e46467	s44493	5	1
e46468	s44500	5	1
e46469	s44500	1	1
e46470	s44500	2	1
e46471	s44501	5	1
e46472	s44501	3	1
e46473	s44502	3	1
e46474	s44503	3	1
e46475	s44503	1	1
e46476	s44504	8	1
e46477	s44504	4	1
e46478	s44509	1	1
e46479	s18625	3	1
e46479	s44511	1	1
e46480	s44511	4	1
e46481	s44511	4	1
e46482	s44511	1	1
e46483	s44513	7	1
e46484	s44513	1	1
e46485	s44513	1	1
e46486	s44516	1	1
e46487	s44518	5	1
e46488	s44518	6	1
e46489	s44519	4	1
e46490	s44519	3	1
e46491	s44521	3	1
e46492	s44521	3	1
e46493	s44521	4	1
e46494	s44522	4	1
e46495	s44522	3	1
e46496	s44541	5	1
e46497	s44541	1	1
e46498	s44544	3	1
e46499	s44544	3	1
e46500	s44545	4	2
e46501	s44545	1	2
e46502	s44548	3	1
e46503	s44548	6	1
e46504	s44553	4	1
e46505	s44554	3	1
e46506	s44556	5	1
e46507	s44556	3	1
e46508	s44557	6	1
e46509	s44560	2	1
e46510	s44560	3	1
e46511	s44562	6	1
e46512	s44562	3	1
e46513	s44563	8	1
e46514	s44563	3	1
e46515	s44565	5	1
e46515	s48987	6	1
e46516	s44566	1	1
e46517	s44574	1	1
e46518	s44574	2	1
e46519	s44575	5	1
e46520	s44575	2	1
e46521	s44575	3	1
e46522	s44575	6	1
e46523	s44575	1	1
e46524	s44575	1	1
e46525	s44575	3	1
e46526	s44575	2	1
e46527	s44575	2	1
e46528	s44576	4	2
e46529	s44576	6	2
e46530	s14977	5	1
e46530	s44579	7	1
e46531	s44579	3	1
e46532	s44579	2	1
e46533	s44585	3	1
e46534	s44585	3	1
e46535	s44585	4	1
e46536	s44586	6	2
e46537	s44586	1	2
e46538	s44586	4	2
e46539	s44587	5	1
e46540	s44587	4	1
e46541	s44588	3	1
e46542	s44588	3	1
e46543	s44596	3	1
e46544	s44596	3	1
e46545	s44597	1	2
e46546	s44598	6	1
e46547	s44600	1	1
e46548	s44600	1	1
e46549	s44604	1	1
e46550	s44604	2	1
e46551	s44604	1	1
e46552	s44604	2	1
e46553	s44604	1	1
e46554	s44611	6	1
e46555	s44611	4	1
e46556	s44611	3	1
e46557	s44625	2	1
e46558	s44625	2	1
e46559	s44638	4	1
e46560	s44638	1	1
e46561	s44639	1	1
e46562	s44640	1	1
e46563	s44640	1	1
e46564	s44646	4	1
e46565	s44646	1	1
e46566	s44648	6	1
e46567	s44649	3	1
e46568	s44649	2	1
e46569	s44658	5	1
e46570	s44660	5	1
e46571	s44666	1	1
e46572	s44666	1	1
e46573	s44667	2	1
e46574	s44667	4	1
e46575	s44669	7	1
e46576	s44669	8	1
e46577	s44669	6	1
e46578	s44670	7	1
e46579	s44670	5	1
e46580	s44670	2	1
e46581	s44671	6	1
e46582	s44671	4	1
e46583	s2558	3	1
e46583	s44672	4	1
e46584	s44672	6	1
e46585	s44673	2	1
e46586	s44674	3	1
e46587	s44674	7	1
e46588	s44674	3	1
e46589	s44675	4	1
e46590	s44675	6	1
e46591	s44676	3	1
e46592	s44676	4	1
e46593	s44676	3	1
e46594	s44677	5	1
e46595	s44677	5	1
e46596	s44679	3	1
e46597	s44679	6	1
e46598	s44680	4	1
e46599	s44680	5	1
e46600	s44681	3	1
e46601	s44681	4	1
e46602	s44683	1	1
e46603	s44683	1	1
e46604	s44683	1	1
e46605	s44687	3	2
e46606	s44687	1	2
e46607	s44687	1	2
e46608	s44690	5	1
e46609	s44690	4	1
e46610	s44702	4	1
e46611	s44702	4	1
e46612	s44703	1	1
e46613	s44705	5	1
e46614	s44706	6	1
e46615	s44723	1	1
e46616	s44723	4	1
e46617	s44723	1	1
e46618	s44723	2	1
e46619	s44725	4	2
e46620	s44725	4	2
e46621	s44726	2	1
e46622	s44726	5	1
e46623	s44726	5	1
e46624	s44727	5	1
e46625	s44728	1	1
e46626	s44729	3	1
e46627	s44730	6	1
e46628	s44730	1	1
e46629	s44731	2	1
e46630	s44731	5	1
e46631	s44732	1	1
e46632	s44732	2	1
e46633	s44734	1	1
e46634	s44734	2	1
e46635	s44735	2	1
e46636	s44735	3	1
e46637	s44736	4	1
e46638	s44736	3	1
e46639	s44737	1	1
e46640	s44737	1	1
e46641	s44738	2	1
e46642	s44738	2	1
e46643	s44739	1	1
e46644	s44739	1	1
e46645	s44740	6	1
e46646	s44740	3	1
e46647	s44740	1	1
e46648	s44741	7	1
e46649	s44743	2	1
e46650	s44743	1	1
e46651	s44743	1	1
e46652	s44744	1	1
e46653	s44745	2	1
e46654	s44745	3	1
e46655	s44746	1	1
e46656	s44746	3	1
e46657	s44746	1	1
e46658	s44747	6	1
e46659	s44747	4	1
e46660	s44748	6	1
e46661	s44749	5	1
e46662	s44749	2	1
e46663	s44749	4	1
e46664	s44750	3	1
e46665	s44751	1	1
e46666	s44751	4	1
e46667	s44752	3	1
e46668	s44752	5	1
e46669	s44753	3	1
e46670	s44753	3	1
e46671	s44754	4	2
e46672	s44754	5	2
e46673	s44755	1	1
e46674	s44755	2	1
e46675	s44755	1	1
e46676	s44756	1	2
e46677	s44756	2	2
e46678	s44756	4	2
e46679	s44757	4	2
e46680	s44757	4	2
e46681	s44758	1	1
e46682	s44759	2	1
e46683	s44760	2	1
e46684	s44761	2	1
e46685	s44761	3	1
e46686	s44765	2	1
e46687	s44765	2	1
e46688	s44765	2	1
e46689	s44766	1	1
e46690	s44766	1	1
e46691	s44767	4	1
e46692	s44767	3	1
e46693	s44767	1	1
e46694	s44768	4	2
e46695	s44768	1	2
e46696	s44769	4	1
e46697	s44769	1	1
e46698	s44771	2	1
e46699	s44773	3	1
e46700	s44773	2	1
e46701	s44774	3	1
e46702	s44774	3	1
e46703	s44780	3	1
e46704	s44780	3	1
e46705	s44786	3	1
e46706	s44787	2	1
e46707	s44787	3	1
e46708	s44797	5	1
e46709	s44797	7	1
e46710	s44797	4	1
e46711	s44798	5	1
e46712	s44798	7	1
e46713	s44800	4	1
e46714	s44800	4	1
e46715	s44801	2	1
e46716	s44801	2	1
e46717	s44803	1	1
e46718	s44804	3	1
e46719	s44804	2	1
e46720	s44807	2	1
e46721	s44808	5	1
e46722	s44808	4	1
e46723	s44809	2	1
e46724	s44816	1	1
e46725	s44817	5	1
e46726	s44817	3	1
e46727	s44817	4	1
e46728	s44819	7	1
e46729	s44819	3	1
e46730	s44821	1	1
e46731	s44821	4	1
e46732	s44822	2	1
e46733	s44822	7	1
e46734	s44823	3	1
e46735	s44823	3	1
e46736	s44823	5	1
e46737	s44828	5	1
e46738	s44828	2	1
e46739	s44829	6	1
e46740	s44838	6	1
e46741	s44838	5	1
e46742	s44841	5	1
e46743	s44841	5	1
e46744	s44841	8	1
e46745	s44842	5	1
e46746	s44842	5	1
e46747	s44842	8	1
e46748	s44846	5	1
e46749	s44846	6	1
e46750	s44848	5	1
e46751	s44848	4	1
e46752	s44848	6	1
e46753	s44849	6	1
e46754	s44849	9	1
e46755	s44850	5	1
e46756	s44850	5	1
e46757	s44850	4	1
e46758	s44851	3	1
e46759	s44852	5	1
e46760	s44852	3	1
e46761	s44852	3	1
e46762	s25560	2	1
e46762	s44852	6	1
e46763	s44852	5	1
e46764	s44852	6	1
e46765	s44852	3	1
e46766	s44853	8	1
e46767	s44853	4	1
e46768	s44853	5	1
e46769	s44853	5	1
e46770	s44853	7	1
e46771	s44853	4	1
e46772	s44853	6	1
e46773	s44853	4	1
e46774	s44853	3	1
e46775	s14329	1	1
e46775	s42222	2	1
e46775	s44853	6	1
e46776	s44856	4	2
e46777	s44856	5	2
e46778	s44856	5	2
e46779	s44858	3	1
e46780	s44858	6	1
e46781	s44859	6	1
e46782	s44859	7	1
e46783	s44860	8	1
e46784	s44860	6	1
e46785	s44860	5	1
e46786	s44861	7	1
e46787	s44861	4	1
e46788	s44861	4	1
e46789	s44862	7	1
e46790	s44862	3	1
e46791	s44863	6	1
e46792	s44863	4	1
e46793	s44864	5	1
e46794	s44864	7	1
e46795	s44865	2	1
e46796	s44866	5	1
e46797	s44866	7	1
e46798	s44867	5	1
e46799	s44867	4	1
e46800	s44867	5	1
e46801	s44868	5	1
e46802	s44868	5	1
e46803	s44869	4	1
e46804	s44869	7	1
e46805	s44873	3	2
e46806	s44873	3	2
e46807	s44874	5	2
e46808	s44874	4	2
e46809	s44875	6	2
e46810	s44875	4	2
e46811	s44876	4	2
e46812	s44876	4	2
e46813	s44876	4	2
e46814	s44877	3	2
e46815	s44877	3	2
e46816	s44877	4	2
e46817	s43753	4	1
e46817	s44878	3	2
e46818	s44878	3	2
e46819	s44878	2	2
e46820	s44879	6	1
e46821	s44880	6	1
e46822	s44881	2	1
e46823	s44881	3	1
e46824	s44882	1	1
e46825	s44882	3	1
e46826	s44883	1	1
e46827	s44883	5	1
e46828	s44884	2	1
e46829	s44884	1	1
e46830	s44885	6	1
e46831	s44885	7	1
e46832	s44885	2	1
e46833	s44886	2	1
e46834	s44886	5	1
e46835	s44887	2	1
e46836	s44887	2	1
e46837	s44888	4	1
e46838	s44888	4	1
e46839	s44889	2	1
e46840	s44889	4	1
e46841	s44890	2	1
e46842	s44890	5	1
e46843	s44891	1	1
e46844	s44891	2	1
e46845	s44892	3	1
e46846	s44892	5	1
e46847	s44893	1	1
e46848	s44893	6	1
e46849	s44893	5	1
e46850	s44894	2	1
e46851	s44894	2	1
e46852	s44896	4	1
e46853	s44896	3	1
e46854	s44896	3	1
e46855	s44897	3	1
e46856	s44897	1	1
e46857	s44898	7	1
e46858	s44898	7	1
e46859	s44898	6	1
e46860	s44899	2	1
e46861	s44899	4	1
e46862	s44901	5	1
e46863	s44901	4	1
e46864	s44901	4	1
e46865	s44903	2	1
e46866	s44903	2	1
e46867	s44905	4	1
e46868	s44905	3	1
e46869	s44907	3	1
e46870	s44907	3	1
e46871	s44916	3	1
e46872	s44916	6	1
e46873	s44916	7	1
e46874	s44917	2	1
e46874	s49094	3	1
e46875	s44917	6	1
e46876	s44918	2	1
e46877	s44918	2	1
e46878	s44919	3	1
e46879	s44919	2	1
e46880	s44919	6	1
e46881	s44920	1	2
e46882	s44920	2	2
e46883	s44920	1	2
e46884	s44921	3	2
e46885	s44921	4	2
e46886	s44922	6	1
e46887	s44922	3	1
e46888	s44923	2	1
e46889	s44923	2	1
e46890	s44924	7	1
e46891	s44926	2	1
e46892	s44926	4	1
e46893	s44926	6	1
e46894	s44927	3	1
e46895	s44927	3	1
e46896	s44928	3	1
e46897	s44930	4	1
e46898	s44930	5	1
e46899	s44933	4	1
e46900	s44933	3	1
e46901	s44933	2	1
e46902	s44934	3	2
e46903	s44934	4	2
e46904	s44935	4	2
e46905	s44935	4	2
e46906	s44936	3	1
e46907	s44936	3	1
e46908	s44936	3	1
e46909	s44937	6	1
e46910	s44937	4	1
e46911	s44938	5	1
e46912	s21698	2	1
e46912	s44938	6	1
e46913	s44938	4	1
e46914	s44940	5	1
e46915	s44940	3	1
e46916	s44942	1	1
e46917	s44942	2	1
e46918	s44944	4	1
e46919	s44944	5	1
e46920	s44944	4	1
e46921	s44945	2	1
e46922	s44945	3	1
e46923	s44950	3	1
e46924	s44950	2	1
e46925	s44951	4	1
e46926	s44951	4	1
e46927	s44952	4	1
e46928	s44952	3	1
e46929	s44953	3	1
e46930	s44956	2	1
e46931	s44956	2	1
e46932	s44957	5	1
e46933	s44958	2	1
e46934	s44958	3	1
e46935	s44959	5	1
e46936	s44959	2	1
e46937	s44961	1	1
e46938	s44963	6	2
e46939	s44963	2	2
e46940	s44964	2	2
e46941	s44964	4	2
e46942	s44967	3	1
e46943	s44967	2	1
e46944	s44970	5	1
e46945	s44971	3	1
e46946	s44972	5	1
e46947	s44972	9	1
e46948	s44972	6	1
e46949	s44973	4	1
e46950	s44973	6	1
e46951	s44973	2	1
e46952	s44976	2	1
e46953	s44976	4	1
e46954	s44981	5	1
e46955	s44981	8	1
e46956	s44981	6	1
e46957	s44982	2	1
e46958	s44982	3	1
e46959	s44989	2	1
e46960	s44993	2	1
e46961	s44993	8	1
e46962	s44993	2	1
e46963	s44994	2	2
e46964	s44994	3	2
e46965	s44997	6	2
e46966	s44997	4	2
e46967	s44999	2	1
e46968	s44999	1	1
e46969	s45000	1	1
e46970	s45003	3	1
e46971	s45003	2	1
e46972	s45003	2	1
e46973	s45007	7	1
e46974	s45008	5	1
e46975	s45008	4	1
e46976	s45009	3	1
e46977	s45010	5	1
e46978	s45010	4	1
e46979	s45011	6	1
e46980	s45011	3	1
e46981	s45011	4	1
e46982	s45013	4	1
e46983	s45013	5	1
e46984	s45013	4	1
e46985	s45016	2	1
e46986	s45016	6	1
e46987	s45017	5	1
e46988	s45017	4	1
e46989	s45019	5	1
e46990	s45019	6	1
e46991	s45021	2	1
e46992	s45021	4	1
e46993	s45030	4	1
e46994	s45030	2	1
e46995	s45031	6	1
e46996	s45031	5	1
e46997	s45032	4	1
e46998	s45032	3	1
e46999	s45033	4	1
e47000	s45033	2	1
e47001	s45034	2	1
e47002	s45034	2	1
e47003	s45035	5	1
e47004	s45035	5	1
e47005	s45036	2	1
e47006	s45036	6	1
e47007	s45036	5	1
e47008	s45039	5	1
e47009	s45039	5	1
e47010	s45039	5	1
e47011	s45041	3	1
e47012	s45042	5	1
e47013	s45042	3	1
e47014	s45042	5	1
e47015	s45043	6	1
e47016	s45043	7	1
e47017	s45047	2	1
e47018	s45047	5	1
e47019	s45047	6	1
e47020	s45048	7	1
e47021	s45048	5	1
e47022	s45049	5	1
e47023	s45049	4	1
e47024	s45050	3	1
e47025	s45050	5	1
e47026	s45051	3	1
e47027	s45052	5	1
e47028	s45052	5	1
e47029	s45055	6	1
e47030	s45055	1	1
e47031	s45056	3	1
e47032	s45056	4	1
e47033	s45057	1	1
e47034	s45058	7	1
e47035	s45058	4	1
e47036	s45059	2	1
e47037	s45059	2	1
e47038	s45059	3	1
e47039	s45060	6	1
e47040	s45060	5	1
e47041	s45060	3	1
e47042	s45061	8	1
e47043	s45061	3	1
e47044	s45061	7	1
e47045	s45062	5	1
e47046	s45062	6	1
e47047	s45063	4	1
e47048	s45063	5	1
e47049	s45064	1	1
e47050	s45068	5	1
e47051	s45073	4	1
e47052	s45073	5	1
e47053	s45074	3	1
e47054	s45074	2	1
e47055	s45075	3	1
e47056	s45075	4	1
e47057	s45075	6	1
e47058	s45077	4	1
e47059	s45077	5	1
e47060	s45077	5	1
e47061	s45077	7	1
e47062	s45078	6	1
e47063	s45078	8	1
e47064	s45079	2	1
e47065	s45079	2	1
e47066	s45079	4	1
e47067	s45080	6	1
e47068	s45080	4	1
e47069	s45083	4	1
e47070	s45083	5	1
e47071	s45085	5	1
e47072	s45085	2	1
e47073	s45085	5	1
e47074	s45091	4	1
e47075	s45091	3	1
e47076	s45092	4	1
e47077	s45094	5	1
e47078	s45094	3	1
e47079	s45094	1	1
e47080	s45095	3	1
e47081	s45096	7	1
e47082	s45096	3	1
e47083	s45099	3	1
e47084	s45100	1	1
e47085	s45105	3	1
e47086	s45105	4	1
e47087	s45106	4	1
e47088	s45106	2	1
e47089	s45106	6	1
e47090	s45106	3	1
e47091	s45106	6	1
e47092	s45106	3	1
e47093	s45106	6	1
e47094	s45106	4	1
e47095	s45113	5	1
e47096	s45113	3	1
e47097	s45114	6	1
e47098	s45115	3	2
e47099	s45115	6	2
e47100	s45115	7	2
e47101	s45116	3	1
e47102	s45116	4	1
e47103	s45120	7	1
e47104	s45120	4	1
e47105	s45121	5	1
e47106	s45121	4	1
e47107	s45121	4	1
e47108	s45122	3	1
e47109	s45122	3	1
e47110	s45123	4	1
e47111	s45123	3	1
e47112	s45124	4	1
e47113	s45125	5	1
e47114	s45125	7	1
e47115	s45126	3	1
e47116	s45126	2	1
e47117	s45130	4	1
e47118	s45130	6	1
e47119	s41773	2	1
e47119	s45132	4	1
e47120	s45132	5	1
e47121	s45133	6	1
e47122	s45133	1	1
e47123	s22736	2	1
e47123	s45133	4	1
e47124	s45134	2	1
e47125	s45134	2	1
e47126	s45135	4	1
e47127	s45135	3	1
e47128	s45139	6	1
e47129	s45139	6	1
e47130	s45140	1	1
e47131	s45140	3	1
e47132	s45141	2	1
e47133	s45145	5	1
e47134	s45145	2	1
e47135	s45151	1	1
e47136	s45151	1	1
e47137	s45170	4	1
e47138	s45170	3	1
e47139	s45172	3	1
e47140	s45173	1	1
e47141	s45173	2	1
e47142	s45174	6	1
e47143	s45174	3	1
e47144	s45174	2	1
e47145	s45176	1	1
e47146	s45182	3	1
e47147	s45185	7	1
e47148	s45185	4	1
e47149	s45187	6	1
e47150	s45187	5	1
e47151	s45188	2	1
e47152	s45192	4	1
e47153	s45192	3	1
e47154	s45194	5	1
e47155	s45194	5	1
e47156	s45194	3	1
e47157	s45196	1	1
e47158	s45196	4	1
e47159	s45199	1	1
e47160	s45199	1	1
e47161	s45199	2	1
e47162	s45199	3	1
e47163	s45199	2	1
e47164	s45199	1	1
e47165	s45203	2	1
e47166	s45203	7	1
e47167	s45203	1	1
e47168	s45204	2	1
e47169	s45204	1	1
e47170	s45205	8	1
e47171	s45205	6	1
e47172	s45206	5	1
e47173	s45206	3	1
e47174	s8403	6	1
e47174	s35670	4	1
e47174	s45208	8	1
e47175	s45208	2	1
e47176	s45208	5	1
e47177	s45208	3	1
e47178	s45208	3	1
e47179	s45209	2	1
e47180	s45209	2	1
e47181	s45209	3	1
e47182	s45221	7	1
e47183	s45222	4	1
e47184	s45226	3	2
e47185	s45226	1	2
e47186	s45227	4	3
e47187	s45227	4	3
e47188	s45228	4	2
e47189	s45228	7	2
e47190	s45229	3	2
e47191	s45233	1	1
e47192	s45233	1	1
e47193	s37183	7	1
e47193	s45235	3	1
e47194	s45235	5	1
e47195	s45238	6	1
e47196	s45240	1	1
e47197	s45240	2	1
e47198	s45241	3	2
e47199	s45241	1	2
e47200	s45242	4	1
e47201	s45242	4	1
e47202	s45245	1	1
e47203	s45245	2	1
e47204	s45247	8	1
e47205	s45247	4	1
e47206	s45248	1	1
e47207	s45252	1	1
e47208	s45252	1	1
e47209	s45254	5	1
e47210	s45254	2	1
e47211	s45255	5	1
e47212	s45255	1	1
e47213	s45256	3	1
e47214	s45256	2	1
e47215	s45257	2	1
e47216	s45257	1	1
e47217	s45257	2	1
e47218	s45258	2	1
e47219	s45258	3	1
e47220	s45258	1	1
e47221	s45259	1	1
e47222	s45259	8	1
e47223	s45260	1	1
e47224	s45261	4	1
e47225	s45261	3	1
e47226	s45263	2	1
e47227	s45263	4	1
e47228	s45267	1	1
e47229	s45267	1	1
e47230	s45273	3	1
e47231	s45276	1	1
e47232	s45276	1	1
e47233	s45281	1	1
e47234	s45281	1	1
e47235	s45287	5	1
e47236	s45287	3	1
e47237	s45288	2	1
e47238	s45288	2	1
e47239	s45291	8	2
e47240	s45291	2	2
e47241	s45292	5	2
e47242	s45292	6	2
e47243	s45293	5	2
e47244	s45293	1	2
e47245	s45294	4	2
e47246	s45294	4	2
e47247	s45294	4	2
e47248	s45295	4	2
e47249	s45295	4	2
e47250	s45296	1	2
e47250	s48041	2	1
e47251	s45296	1	2
e47252	s45296	2	2
e47253	s45297	3	2
e47254	s45297	1	2
e47255	s45302	6	1
e47256	s45303	5	1
e47257	s45304	5	1
e47258	s45304	6	1
e47259	s45306	5	1
e47260	s45306	4	1
e47261	s45307	3	1
e47262	s45307	4	1
e47263	s45309	2	1
e47264	s45309	2	1
e47265	s45309	3	1
e47266	s45311	3	1
e47267	s45311	3	1
e47268	s45311	4	1
e47269	s45312	4	1
e47270	s45312	2	1
e47271	s45313	4	1
e47272	s45313	7	1
e47273	s45313	5	1
e47274	s45314	6	1
e47275	s45314	5	1
e47276	s45316	5	1
e47277	s45316	4	1
e47278	s45317	6	1
e47279	s45317	5	1
e47280	s45319	4	1
e47281	s45322	7	2
e47282	s45322	4	2
e47283	s45323	5	2
e47284	s45323	5	2
e47285	s45324	4	1
e47286	s45324	3	1
e47287	s45325	3	1
e47288	s45325	5	1
e47289	s45326	5	1
e47290	s45326	5	1
e47291	s45327	6	1
e47292	s45327	6	1
e47293	s45328	4	1
e47294	s45328	5	1
e47295	s45329	2	1
e47296	s45331	3	1
e47297	s45331	5	1
e47298	s45335	5	1
e47299	s45338	2	1
e47300	s45340	3	1
e47301	s45340	3	1
e47302	s45340	4	1
e47303	s45342	4	1
e47304	s45342	4	1
e47305	s45342	2	1
e47306	s45343	3	1
e47307	s45343	6	1
e47308	s45345	3	1
e47309	s45346	4	1
e47310	s45347	4	1
e47311	s45347	2	1
e47312	s45354	5	1
e47313	s45354	3	1
e47314	s45356	5	1
e47315	s45357	5	1
e47316	s45363	2	1
e47317	s45363	3	1
e47318	s45365	9	1
e47319	s45365	10	1
e47320	s45366	5	1
e47321	s45366	3	1
e47322	s45369	4	1
e47323	s45369	9	1
e47324	s45372	7	1
e47325	s45372	5	1
e47326	s45373	5	1
e47327	s45373	4	1
e47328	s45374	2	1
e47329	s17647	3	1
e47329	s45378	5	2
e47330	s45378	6	2
e47331	s45380	2	1
e47332	s45380	2	1
e47333	s45383	5	1
e47334	s45383	2	1
e47335	s45386	2	1
e47336	s45386	1	1
e47337	s45386	1	1
e47338	s45391	2	1
e47339	s45394	3	1
e47340	s45394	7	1
e47341	s45394	6	1
e47342	s45395	2	1
e47343	s45395	4	1
e47344	s45395	7	1
e47345	s45396	6	1
e47346	s45396	1	1
e47347	s45397	4	1
e47348	s45397	5	1
e47349	s45398	3	1
e47350	s45398	4	1
e47351	s45398	2	1
e47352	s45399	6	1
e47353	s45399	2	1
e47354	s45400	7	1
e47355	s45400	4	1
e47356	s45400	3	1
e47357	s45401	2	1
e47358	s45401	3	1
e47359	s45402	3	1
e47360	s45407	3	1
e47361	s45407	2	1
e47362	s45409	4	1
e47363	s45409	4	1
e47364	s45416	3	1
e47365	s45416	2	1
e47366	s45431	1	1
e47367	s45431	1	1
e47368	s45432	5	1
e47369	s45432	4	1
e47370	s45433	2	1
e47371	s45433	3	1
e47372	s45434	3	1
e47373	s45434	2	1
e47374	s45435	6	1
e47375	s45435	1	1
e47376	s45436	1	1
e47376	s45437	1	2
e47377	s45436	3	1
e47377	s45437	3	2
e47378	s45445	6	1
e47379	s45445	4	1
e47380	s45445	1	1
e47381	s45446	7	1
e47382	s45446	2	1
e47383	s45450	4	1
e47384	s45452	4	1
e47385	s45452	3	1
e47386	s45453	4	1
e47387	s45453	7	1
e47388	s45456	1	1
e47389	s45456	2	1
e47390	s45456	1	1
e47391	s45459	7	2
e47392	s45459	7	2
e47393	s45459	6	2
e47394	s45461	2	1
e47395	s45461	4	1
e47396	s45461	2	1
e47397	s45462	4	1
e47398	s45464	3	1
e47399	s45464	6	1
e47400	s45465	3	1
e47401	s45465	1	1
e47402	s40959	3	1
e47402	s45466	2	1
e47403	s45466	2	1
e47404	s45467	3	1
e47405	s45467	3	1
e47406	s45467	2	1
e47406	s48164	4	1
e47407	s13814	4	1
e47407	s45467	2	1
e47408	s27291	3	1
e47408	s45467	6	1
e47409	s45467	3	1
e47410	s45467	7	1
e47411	s45467	3	1
e47412	s45467	4	1
e47413	s45467	2	1
e47414	s45467	3	1
e47415	s45469	5	1
e47416	s45470	2	1
e47417	s45470	5	1
e47418	s45471	6	1
e47419	s45471	1	1
e47420	s45476	6	2
e47421	s45476	3	2
e47422	s45476	3	2
e47423	s45481	3	1
e47424	s45481	5	1
e47425	s45481	2	1
e47426	s45482	2	1
e47427	s45482	4	1
e47428	s45483	1	1
e47429	s45483	1	1
e47430	s45484	4	1
e47431	s45484	4	1
e47432	s45486	6	1
e47433	s45486	4	1
e47434	s45493	5	1
e47435	s45493	4	1
e47436	s45494	2	1
e47437	s45494	6	1
e47438	s45495	1	1
e47439	s45495	1	1
e47440	s45495	2	1
e47441	s45496	4	1
e47442	s45496	6	1
e47443	s45497	2	1
e47444	s45497	2	1
e47445	s45498	3	1
e47446	s45498	3	1
e47447	s45499	2	1
e47448	s45500	3	1
e47449	s45500	3	1
e47450	s45500	2	1
e47451	s45501	1	1
e47452	s45501	6	1
e47453	s45502	4	1
e47454	s45502	3	1
e47455	s45505	6	1
e47455	s45646	4	2
e47456	s45505	3	1
e47457	s45505	6	1
e47458	s45509	2	1
e47459	s45509	1	1
e47460	s45510	6	1
e47460	s45646	3	2
e47461	s45510	7	1
e47462	s45515	4	1
e47463	s45515	2	1
e47464	s45518	1	1
e47465	s45525	4	1
e47466	s45525	1	1
e47467	s45531	3	1
e47468	s45531	4	1
e47469	s45532	5	1
e47470	s45535	9	1
e47471	s45535	5	1
e47472	s45538	5	2
e47473	s45538	4	2
e47474	s45539	3	1
e47475	s45539	1	1
e47476	s45542	4	1
e47477	s45544	7	1
e47478	s45544	5	1
e47479	s45549	5	1
e47480	s45550	4	1
e47480	s47048	2	1
e47481	s45550	4	1
e47482	s45550	3	1
e47483	s45550	2	1
e47484	s45551	1	1
e47485	s45552	2	1
e47486	s45553	1	1
e47487	s45556	4	1
e47488	s45556	1	1
e47489	s45556	3	1
e47490	s45559	1	1
e47491	s45559	7	1
e47492	s45559	2	1
e47493	s45562	4	1
e47494	s45562	3	1
e47495	s45563	6	1
e47496	s45563	9	1
e47497	s45565	5	1
e47498	s45565	1	1
e47499	s45566	1	1
e47500	s45567	1	1
e47501	s45567	1	1
e47502	s45570	1	2
e47503	s45570	2	2
e47504	s45571	1	2
e47505	s45571	5	2
e47506	s45580	5	1
e47507	s45580	4	1
e47508	s45580	4	1
e47509	s45581	1	1
e47510	s45581	5	1
e47511	s45583	1	1
e47512	s45583	2	1
e47513	s45584	1	1
e47514	s45584	3	1
e47515	s45588	1	2
e47516	s45588	1	2
e47517	s45589	2	1
e47518	s45589	1	1
e47519	s45591	1	1
e47520	s45591	5	1
e47521	s45591	3	1
e47522	s45595	2	1
e47523	s45600	2	1
e47524	s45600	5	1
e47525	s45600	2	1
e47526	s45603	3	1
e47527	s45607	1	1
e47528	s45607	1	1
e47529	s45608	5	1
e47530	s45608	1	1
e47531	s45609	5	1
e47532	s45609	1	1
e47533	s45613	2	1
e47534	s45613	3	1
e47535	s45613	4	1
e47536	s45614	3	2
e47537	s45615	2	3
e47538	s45615	3	3
e47539	s45616	3	2
e47540	s45616	3	2
e47541	s45617	2	1
e47542	s45617	2	1
e47543	s45617	2	1
e47544	s45617	4	1
e47545	s45618	1	2
e47546	s45619	3	1
e47547	s45620	3	1
e47548	s45620	1	1
e47549	s45621	4	1
e47550	s45621	2	1
e47551	s45621	2	1
e47552	s45622	2	1
e47553	s45622	5	1
e47554	s45623	1	1
e47555	s45623	1	1
e47556	s45625	2	1
e47557	s45625	7	1
e47558	s45626	6	1
e47559	s45626	4	1
e47560	s45627	5	1
e47561	s45627	5	1
e47562	s45629	7	1
e47563	s45629	4	1
e47564	s45630	2	1
e47565	s45630	4	1
e47566	s45632	1	1
e47567	s45632	7	1
e47568	s45634	5	1
e47569	s45634	4	1
e47570	s45635	5	1
e47571	s45636	6	1
e47572	s45636	5	1
e47573	s45636	5	1
e47574	s45637	1	1
e47575	s45637	5	1
e47576	s45638	4	1
e47577	s45638	1	1
e47578	s45639	2	1
e47579	s45639	4	1
e47580	s45639	6	1
e47581	s45639	4	1
e47582	s45639	4	1
e47583	s45639	6	1
e47584	s45639	3	1
e47585	s45639	7	1
e47586	s45639	6	1
e47587	s45639	4	1
e47588	s45639	4	1
e47589	s45639	7	1
e47590	s45641	2	1
e47591	s45641	3	1
e47592	s45641	5	1
e47593	s45642	5	1
e47594	s45642	4	1
e47595	s45644	7	2
e47596	s45645	4	2
e47597	s45645	1	2
e47598	s45647	4	2
e47599	s45647	4	2
e47600	s45647	3	2
e47601	s45649	2	1
e47602	s45649	3	1
e47603	s45656	2	1
e47604	s45656	2	1
e47605	s45656	1	1
e47606	s45658	4	1
e47607	s45658	4	1
e47608	s45660	6	1
e47609	s45660	6	1
e47610	s45660	3	1
e47611	s45661	1	1
e47612	s45661	2	1
e47613	s45661	1	1
e47614	s45662	5	1
e47615	s45662	7	1
e47616	s45665	3	1
e47617	s45668	2	1
e47618	s45671	4	1
e47619	s45671	2	1
e47620	s45674	2	1
e47621	s45674	2	1
e47622	s45677	3	1
e47623	s45678	3	1
e47624	s45678	1	1
e47625	s45678	4	1
e47626	s45688	3	1
e47627	s45688	2	1
e47628	s45690	7	1
e47629	s45690	7	1
e47630	s45693	3	1
e47631	s45693	7	1
e47632	s45694	2	1
e47633	s45694	3	1
e47634	s45694	1	1
e47635	s45704	6	1
e47636	s45705	1	1
e47637	s45710	3	1
e47638	s45710	4	1
e47639	s45713	3	1
e47640	s45713	3	1
e47641	s45714	2	1
e47642	s45715	2	1
e47643	s45715	5	1
e47644	s45720	2	1
e47645	s45721	3	1
e47646	s45721	4	1
e47647	s45722	3	1
e47648	s45722	2	1
e47649	s45723	4	1
e47650	s45723	1	1
e47651	s45723	4	1
e47652	s45724	4	1
e47653	s45724	3	1
e47654	s45725	2	1
e47655	s45725	1	1
e47656	s45728	4	1
e47657	s45728	1	1
e47658	s45729	1	1
e47659	s45729	2	1
e47660	s45730	2	1
e47661	s45730	2	1
e47662	s45730	2	1
e47663	s45730	1	1
e47664	s45731	3	1
e47665	s45731	2	1
e47666	s45732	5	1
e47667	s45732	1	1
e47668	s45732	5	1
e47669	s45733	1	1
e47670	s45734	1	1
e47671	s45735	1	1
e47672	s45735	2	1
e47673	s45735	3	1
e47674	s45735	2	1
e47675	s45736	2	1
e47676	s45737	3	1
e47677	s45738	1	1
e47678	s45742	2	1
e47679	s45742	2	1
e47680	s45744	1	1
e47681	s45744	1	1
e47682	s30910	4	1
e47682	s45744	3	1
e47683	s45745	3	2
e47684	s45745	1	2
e47685	s45746	3	1
e47686	s45746	1	1
e47687	s45747	3	1
e47688	s45747	1	1
e47689	s45750	4	1
e47690	s45750	2	1
e47691	s45751	2	1
e47692	s45751	4	1
e47693	s45751	5	1
e47694	s45753	1	1
e47695	s45756	1	2
e47696	s45756	1	2
e47697	s45756	2	2
e47698	s45761	4	1
e47699	s45761	3	1
e47700	s17768	6	1
e47700	s45763	4	1
e47701	s45763	1	1
e47702	s45766	3	1
e47703	s45766	3	1
e47704	s45767	4	1
e47705	s45767	5	1
e47706	s45767	1	1
e47707	s45768	4	1
e47708	s45770	2	1
e47709	s45770	5	1
e47710	s45771	3	1
e47711	s45771	1	1
e47712	s45773	3	1
e47712	s45774	3	3
e47713	s45774	1	3
e47714	s45782	4	1
e47715	s45782	2	1
e47716	s45784	2	1
e47717	s45785	4	1
e47718	s45785	1	1
e47719	s45786	6	1
e47720	s45790	1	1
e47721	s45790	3	1
e47722	s45796	2	1
e47723	s45802	2	1
e47724	s45803	6	1
e47725	s45803	2	1
e47726	s45805	3	1
e47727	s45805	2	1
e47728	s45808	2	1
e47729	s45808	8	1
e47730	s45810	5	1
e47731	s45810	7	1
e47732	s45810	4	1
e47733	s45823	8	1
e47734	s45823	2	1
e47735	s45823	2	1
e47736	s45824	7	1
e47737	s45825	4	1
e47738	s45825	2	1
e47739	s45825	2	1
e47740	s45826	4	1
e47741	s45827	5	1
e47742	s45827	7	1
e47743	s45828	2	1
e47744	s45830	3	1
e47745	s45830	5	1
e47746	s45830	2	1
e47747	s45833	3	2
e47748	s45833	3	2
e47749	s45834	2	1
e47750	s45834	2	1
e47751	s45835	1	1
e47752	s45835	2	1
e47753	s45837	3	1
e47754	s45837	5	1
e47755	s45838	2	1
e47756	s45838	2	1
e47757	s45838	5	1
e47758	s45839	4	1
e47759	s45839	5	1
e47760	s45839	5	1
e47761	s45840	3	1
e47762	s45840	2	1
e47763	s45843	2	1
e47764	s45843	4	1
e47765	s45851	1	1
e47766	s45851	4	1
e47767	s45851	6	1
e47768	s45857	2	1
e47769	s45857	6	1
e47770	s45861	5	1
e47771	s45861	3	1
e47772	s45862	4	1
e47773	s45862	5	1
e47774	s45864	1	1
e47775	s45864	6	1
e47776	s45871	3	2
e47777	s45871	4	2
e47778	s45873	4	2
e47779	s45873	3	2
e47780	s45875	3	1
e47781	s45875	3	1
e47782	s45882	2	1
e47783	s45882	1	1
e47784	s45882	1	1
e47785	s45885	2	1
e47786	s45885	6	1
e47787	s45886	2	1
e47788	s45886	5	1
e47789	s45887	2	1
e47790	s45887	3	1
e47791	s45890	3	1
e47792	s45890	4	1
e47793	s45891	2	1
e47794	s45892	3	1
e47795	s45892	2	1
e47796	s45893	4	1
e47797	s45894	3	1
e47798	s45894	7	1
e47799	s45894	4	1
e47800	s45896	5	1
e47801	s45896	7	1
e47802	s45897	3	1
e47803	s45897	2	1
e47804	s45897	2	1
e47805	s45900	1	1
e47806	s45900	4	1
e47807	s45900	2	1
e47808	s45903	1	1
e47809	s45903	1	1
e47810	s45904	3	2
e47811	s45904	4	2
e47812	s45905	2	1
e47813	s45905	2	1
e47814	s45906	3	1
e47815	s45906	1	1
e47816	s45912	2	1
e47817	s45912	2	1
e47818	s32099	2	1
e47818	s45913	5	1
e47819	s45913	6	1
e47820	s45913	3	1
e47821	s45915	2	1
e47822	s45915	2	1
e47823	s45919	3	2
e47823	s46402	1	1
e47824	s45919	2	2
e47825	s45921	4	2
e47826	s45921	3	2
e47827	s45921	2	2
e47828	s45922	3	2
e47829	s45922	6	2
e47830	s45922	6	2
e47831	s45923	1	2
e47832	s45923	4	2
e47833	s45924	2	1
e47834	s45925	5	1
e47835	s45925	7	1
e47836	s45926	6	1
e47837	s45926	1	1
e47838	s45927	6	1
e47839	s45927	6	1
e47840	s45933	3	2
e47841	s45933	6	2
e47842	s45934	3	2
e47843	s45934	7	2
e47844	s45934	3	2
e47845	s29239	5	1
e47845	s45937	2	1
e47846	s45937	7	1
e47847	s45937	3	1
e47848	s45945	4	2
e47849	s45945	4	2
e47850	s45946	9	2
e47851	s45946	6	2
e47852	s45947	2	1
e47853	s45947	2	1
e47854	s45948	1	1
e47855	s45948	1	1
e47856	s45952	6	1
e47857	s45952	2	1
e47858	s45953	5	1
e47859	s45953	5	1
e47860	s45954	3	1
e47861	s45954	5	1
e47862	s45955	5	1
e47863	s45956	3	1
e47864	s45956	1	1
e47865	s45958	7	1
e47866	s45958	2	1
e47867	s45958	7	1
e47868	s45959	4	1
e47869	s45959	2	1
e47870	s36412	4	1
e47870	s45961	2	1
e47871	s45961	6	1
e47872	s45961	5	1
e47873	s45961	3	1
e47874	s45963	2	1
e47875	s45965	5	1
e47876	s45965	5	1
e47877	s45965	6	1
e47878	s45967	3	1
e47879	s45967	3	1
e47880	s45968	3	1
e47881	s45968	4	1
e47882	s45969	6	1
e47883	s45969	3	1
e47884	s45972	7	1
e47885	s45972	6	1
e47886	s45973	3	1
e47887	s45973	6	1
e47888	s45973	4	1
e47889	s45974	4	2
e47890	s45974	6	2
e47891	s45975	4	1
e47892	s45975	4	1
e47893	s45975	1	1
e47894	s45976	4	1
e47895	s45976	4	1
e47896	s45981	5	1
e47897	s45981	8	1
e47898	s45981	5	1
e47899	s45983	2	1
e47900	s45983	6	1
e47901	s45983	2	1
e47902	s45986	2	1
e47903	s45986	2	1
e47904	s45988	4	1
e47905	s45988	1	1
e47906	s45989	7	1
e47907	s45989	2	1
e47908	s45989	2	1
e47909	s45990	1	1
e47910	s45990	4	1
e47911	s45990	5	1
e47912	s45991	2	1
e47913	s45991	2	1
e47914	s45993	2	1
e47915	s45995	6	1
e47916	s45995	7	1
e47917	s45996	3	1
e47918	s45997	4	1
e47918	s45998	4	2
e47919	s45997	3	1
e47920	s45997	2	1
e47921	s45998	4	2
e47922	s45998	7	2
e47923	s29569	5	1
e47923	s45999	2	1
e47924	s45999	2	1
e47925	s46000	4	1
e47926	s46000	3	1
e47927	s46000	3	1
e47928	s46001	8	1
e47929	s46001	4	1
e47930	s46001	3	1
e47931	s46001	4	1
e47932	s46002	1	1
e47933	s46003	2	1
e47934	s46003	2	1
e47935	s46004	2	1
e47936	s46005	1	1
e47937	s46006	1	1
e47938	s46007	1	1
e47939	s46007	1	1
e47940	s46008	3	1
e47941	s46008	4	1
e47942	s46013	4	2
e47943	s46013	1	2
e47944	s46014	1	2
e47945	s46014	1	2
e47946	s46015	4	1
e47947	s46015	3	1
e47948	s46015	4	1
e47949	s46016	1	1
e47950	s46016	1	1
e47951	s46016	2	1
e47952	s46017	3	2
e47953	s46017	3	2
e47954	s46021	1	1
e47955	s46021	4	1
e47956	s46021	2	1
e47957	s46025	3	1
e47958	s46025	4	1
e47959	s46025	2	1
e47960	s46030	2	1
e47961	s46030	7	1
e47962	s46033	3	1
e47963	s46033	4	1
e47964	s46033	1	1
e47965	s46034	3	1
e47966	s46034	4	1
e47967	s46034	5	1
e47968	s46035	4	1
e47969	s46037	5	1
e47970	s46037	6	1
e47971	s46037	7	1
e47972	s46038	4	1
e47973	s46041	5	2
e47974	s46041	4	2
e47975	s46042	7	2
e47976	s46042	4	2
e47977	s46043	4	2
e47978	s46043	3	2
e47979	s46044	5	1
e47980	s46044	1	1
e47981	s46045	2	1
e47982	s46045	4	1
e47983	s46045	2	1
e47984	s46047	3	1
e47985	s46047	2	1
e47986	s46047	2	1
e47987	s46048	3	2
e47988	s46048	5	2
e47989	s46048	5	2
e47990	s46049	4	1
e47991	s46049	1	1
e47992	s46050	2	1
e47993	s46050	1	1
e47994	s46051	3	1
e47995	s46051	3	1
e47996	s46052	2	1
e47997	s46052	2	1
e47998	s46053	2	1
e47999	s46053	2	1
e48000	s46054	3	1
e48001	s46054	1	1
e48002	s46055	2	1
e48003	s46061	4	1
e48004	s46061	2	1
e48005	s46062	6	1
e48006	s46062	1	1
e48007	s46068	2	1
e48008	s46068	3	1
e48009	s46069	1	1
e48010	s46073	4	1
e48011	s46073	2	1
e48012	s46073	2	1
e48013	s46080	4	1
e48014	s46080	1	1
e48015	s46080	1	1
e48016	s46080	3	1
e48017	s46080	2	1
e48018	s46080	2	1
e48019	s46080	6	1
e48020	s46080	3	1
e48021	s46080	5	1
e48022	s46082	2	2
e48023	s46082	3	2
e48024	s46083	4	2
e48025	s46085	2	1
e48026	s46085	2	1
e48027	s46085	1	1
e48028	s46086	1	1
e48029	s46086	7	1
e48030	s46087	2	1
e48031	s46087	2	1
e48032	s46096	3	1
e48033	s46096	2	1
e48034	s46096	4	1
e48035	s46097	6	1
e48036	s46097	2	1
e48037	s46102	2	1
e48038	s46102	5	1
e48039	s46103	2	1
e48040	s46104	5	1
e48041	s46104	1	1
e48042	s46105	1	1
e48043	s46106	5	1
e48044	s46106	2	1
e48045	s46107	3	1
e48046	s46108	5	1
e48047	s46108	5	1
e48048	s46108	4	1
e48049	s46109	4	1
e48050	s46109	3	1
e48051	s46109	6	1
e48052	s46110	4	1
e48053	s46110	3	1
e48054	s46111	6	1
e48055	s46111	3	1
e48056	s46112	5	1
e48057	s46112	4	1
e48058	s46112	3	1
e48059	s46113	3	1
e48060	s46117	4	1
e48061	s46117	7	1
e48062	s46118	1	1
e48063	s46119	1	1
e48064	s46122	3	1
e48065	s46122	2	1
e48066	s46122	6	1
e48067	s46126	6	1
e48068	s46127	3	1
e48069	s46129	4	1
e48070	s46135	2	1
e48071	s46139	6	1
e48072	s46139	4	1
e48073	s46139	5	1
e48074	s46141	3	1
e48075	s46141	6	1
e48076	s46141	5	1
e48077	s46145	2	1
e48078	s46145	4	1
e48079	s46146	8	1
e48080	s46147	3	1
e48081	s46147	2	1
e48082	s46148	2	1
e48083	s46148	7	1
e48084	s46151	3	1
e48085	s46151	5	1
e48086	s46152	2	1
e48087	s46158	2	1
e48088	s46158	3	1
e48089	s46159	3	1
e48090	s46159	2	1
e48091	s46161	1	1
e48092	s46161	1	1
e48093	s46164	1	1
e48094	s46164	3	1
e48095	s46165	3	1
e48096	s46166	5	2
e48097	s46171	1	1
e48098	s46171	1	1
e48099	s46171	4	1
e48100	s46171	1	1
e48101	s46182	4	1
e48102	s46182	4	1
e48103	s46189	4	1
e48104	s46196	7	1
e48105	s46197	8	1
e48106	s46197	3	1
e48107	s46200	3	1
e48108	s46200	2	1
e48109	s46212	8	1
e48110	s46212	6	1
e48111	s46215	1	1
e48112	s46215	2	1
e48113	s46215	1	1
e48114	s46216	3	1
e48115	s46216	4	1
e48116	s46216	5	1
e48117	s46217	1	1
e48118	s46228	3	1
e48119	s46228	1	1
e48120	s46228	4	1
e48121	s46229	5	1
e48122	s26852	5	1
e48122	s46229	1	1
e48123	s46233	7	1
e48124	s46235	5	1
e48125	s46244	4	1
e48126	s46244	7	1
e48127	s46245	3	1
e48128	s46247	5	2
e48129	s46247	5	2
e48130	s46247	5	2
e48131	s46263	4	1
e48132	s46263	6	1
e48133	s46266	2	1
e48134	s46266	4	1
e48135	s46270	4	1
e48136	s46284	1	1
e48137	s46290	1	1
e48138	s46290	3	1
e48139	s46300	4	1
e48140	s46300	2	1
e48141	s46300	7	1
e48142	s46303	2	1
e48143	s46303	1	1
e48144	s46304	5	1
e48145	s46306	4	1
e48146	s43311	7	1
e48146	s46306	5	1
e48147	s46306	2	1
e48148	s46306	4	1
e48149	s46306	4	1
e48150	s46306	5	1
e48151	s46306	2	1
e48152	s46308	1	1
e48153	s46310	4	1
e48154	s46310	2	1
e48155	s46310	2	1
e48156	s46311	5	1
e48157	s46311	5	1
e48158	s46314	1	1
e48159	s46314	3	1
e48160	s46315	1	1
e48161	s46315	1	1
e48162	s46315	1	1
e48163	s46318	6	1
e48164	s46318	2	1
e48165	s46318	4	1
e48166	s46319	1	1
e48167	s46319	2	1
e48168	s46320	2	1
e48169	s46320	6	1
e48170	s46320	8	1
e48171	s46320	5	1
e48172	s46321	5	1
e48173	s46321	6	1
e48174	s46321	6	1
e48175	s46323	4	1
e48176	s46323	7	1
e48177	s46325	5	1
e48178	s46325	2	1
e48179	s46327	2	1
e48180	s46327	5	1
e48181	s46333	3	1
e48182	s46333	5	1
e48183	s46336	4	1
e48184	s46336	3	1
e48185	s46337	4	1
e48186	s46340	1	1
e48187	s46340	2	1
e48188	s46340	1	1
e48189	s46341	6	1
e48190	s46341	3	1
e48191	s46343	2	1
e48192	s46343	4	1
e48193	s46343	5	1
e48194	s46344	5	1
e48195	s46349	3	1
e48196	s46349	5	1
e48197	s46349	4	1
e48198	s46349	4	1
e48199	s46351	1	1
e48200	s46352	6	1
e48201	s46353	3	1
e48202	s46353	3	1
e48203	s46356	3	1
e48204	s46359	2	1
e48205	s46360	1	1
e48206	s46360	3	1
e48207	s46361	1	1
e48208	s46361	5	1
e48209	s46361	1	1
e48210	s46362	3	1
e48211	s46365	3	1
e48212	s46365	5	1
e48213	s46367	5	1
e48214	s46367	5	1
e48215	s46367	6	1
e48216	s46373	3	1
e48217	s46373	1	1
e48218	s46382	3	1
e48219	s46382	3	1
e48220	s46382	1	1
e48221	s46384	4	1
e48222	s46384	2	1
e48223	s46387	3	1
e48224	s46387	1	1
e48225	s46389	3	1
e48226	s46390	3	1
e48227	s46390	3	1
e48228	s46392	1	1
e48229	s46392	4	1
e48230	s46392	3	1
e48231	s46396	1	2
e48232	s46396	2	2
e48233	s46397	1	2
e48234	s46397	2	2
e48235	s46398	1	2
e48236	s46398	4	2
e48237	s46399	1	2
e48238	s46399	1	2
e48239	s46400	3	1
e48240	s46401	5	1
e48241	s46402	1	1
e48242	s46402	1	1
e48243	s46403	4	2
e48244	s46403	1	2
e48245	s46407	4	1
e48246	s46407	7	1
e48247	s46409	3	1
e48248	s46409	1	1
e48249	s46410	3	1
e48250	s46410	5	1
e48251	s46415	5	1
e48252	s46416	1	1
e48253	s46417	5	1
e48254	s46417	4	1
e48255	s46420	3	1
e48256	s46420	5	1
e48257	s46423	1	1
e48258	s46426	5	1
e48259	s46426	4	1
e48260	s46426	7	1
e48261	s46427	3	1
e48262	s46427	6	1
e48263	s46427	5	1
e48264	s46428	6	1
e48265	s46428	5	1
e48266	s46429	5	1
e48267	s46429	7	1
e48268	s46430	3	1
e48269	s46430	5	1
e48270	s46431	5	1
e48271	s46431	4	1
e48272	s46433	5	1
e48273	s46433	4	1
e48274	s46435	1	1
e48275	s46435	4	1
e48276	s46436	1	1
e48277	s46437	1	1
e48278	s46438	6	1
e48279	s46439	5	1
e48280	s46439	2	1
e48281	s46439	5	1
e48282	s46442	1	1
e48283	s46442	3	1
e48284	s46443	4	1
e48285	s46443	4	1
e48286	s46444	3	1
e48287	s46444	1	1
e48288	s46445	5	1
e48289	s46445	5	1
e48290	s46446	4	1
e48291	s46447	1	1
e48292	s46448	4	1
e48293	s46449	3	1
e48294	s46450	1	1
e48295	s46450	2	1
e48296	s46451	3	1
e48297	s46451	1	1
e48298	s46452	1	2
e48299	s46452	1	2
e48300	s18727	5	1
e48300	s46453	2	1
e48301	s46453	5	1
e48302	s46454	1	1
e48303	s46457	5	1
e48304	s46457	1	1
e48305	s46458	7	1
e48306	s46458	4	1
e48307	s46458	4	1
e48308	s46459	1	1
e48309	s46459	5	1
e48310	s46460	3	1
e48311	s46460	3	1
e48312	s46460	3	1
e48313	s46461	3	1
e48314	s46461	4	1
e48315	s46461	4	1
e48316	s46462	6	1
e48317	s46462	5	1
e48318	s46463	2	1
e48319	s46463	5	1
e48320	s46464	3	1
e48321	s46464	1	1
e48322	s46465	2	1
e48323	s46465	4	1
e48324	s46466	5	1
e48325	s46467	4	1
e48326	s46468	1	1
e48327	s46468	2	1
e48328	s46471	4	1
e48329	s46471	3	1
e48330	s46472	4	1
e48331	s46472	1	1
e48332	s46473	4	1
e48333	s46473	3	1
e48334	s46477	3	1
e48335	s46477	4	1
e48336	s46478	1	1
e48337	s46479	1	1
e48338	s46479	2	1
e48339	s46480	3	1
e48340	s46484	1	1
e48341	s46484	1	1
e48342	s8455	2	1
e48342	s46488	4	1
e48343	s46488	4	1
e48344	s46488	1	1
e48345	s18709	2	1
e48345	s46488	1	1
e48346	s46488	3	1
e48347	s46490	1	1
e48348	s46491	1	2
e48349	s46496	3	2
e48350	s46496	1	2
e48351	s46497	4	3
e48352	s46497	1	3
e48353	s46497	4	3
e48354	s46498	1	2
e48355	s46499	1	2
e48356	s46499	4	2
e48357	s46501	7	2
e48358	s46503	1	2
e48359	s46503	1	2
e48360	s46505	3	1
e48361	s46506	1	1
e48362	s46506	1	1
e48363	s46506	1	1
e48364	s46508	1	1
e48365	s46508	1	1
e48366	s46508	1	1
e48367	s46508	1	1
e48368	s46508	1	1
e48369	s46508	1	1
e48370	s46508	1	1
e48371	s46508	1	1
e48372	s46508	2	1
e48373	s46508	1	1
e48374	s46508	1	1
e48375	s46508	3	1
e48376	s46510	1	2
e48377	s46510	1	2
e48378	s46511	1	2
e48379	s46511	1	2
e48380	s46512	1	2
e48381	s46512	1	2
e48382	s46513	1	2
e48383	s46513	1	2
e48384	s46513	1	2
e48385	s46514	1	3
e48386	s46514	1	3
e48387	s46514	1	3
e48388	s46515	1	2
e48389	s46515	1	2
e48390	s46516	1	3
e48391	s46516	1	3
e48392	s46518	1	2
e48393	s46518	1	2
e48394	s46519	1	2
e48395	s46519	1	2
e48396	s46521	1	1
e48397	s46522	1	1
e48398	s46522	1	1
e48399	s46523	1	1
e48400	s46523	1	1
e48401	s46524	1	1
e48402	s46525	1	1
e48403	s46525	1	1
e48404	s46525	1	1
e48405	s46526	1	1
e48406	s46526	1	1
e48407	s46527	1	1
e48408	s46527	1	1
e48409	s46527	3	1
e48410	s46528	1	2
e48411	s46528	1	2
e48412	s46529	1	2
e48413	s46529	1	2
e48414	s46530	1	1
e48415	s46530	1	1
e48416	s46531	1	1
e48417	s46531	1	1
e48418	s46531	1	1
e48419	s46532	5	1
e48420	s46532	1	1
e48421	s46532	4	1
e48422	s46533	1	1
e48423	s46533	1	1
e48424	s46534	3	1
e48425	s46534	4	1
e48426	s46535	6	1
e48427	s46535	1	1
e48428	s46536	1	1
e48429	s46536	3	1
e48430	s46537	1	1
e48431	s46538	1	1
e48432	s46538	1	1
e48433	s46538	1	1
e48434	s46539	1	2
e48435	s46539	1	2
e48436	s46539	1	2
e48437	s46540	1	2
e48438	s46540	1	2
e48439	s46542	1	1
e48440	s46542	1	1
e48441	s46542	1	1
e48442	s46543	1	1
e48443	s46543	1	1
e48444	s46543	1	1
e48445	s46545	5	1
e48446	s46545	1	1
e48447	s46545	3	1
e48448	s46546	1	1
e48449	s46547	1	1
e48450	s46547	3	1
e48451	s46548	1	1
e48452	s46548	1	1
e48453	s46549	1	1
e48454	s46549	1	1
e48455	s46550	1	1
e48456	s46551	1	1
e48457	s46551	6	1
e48458	s46552	1	1
e48459	s46556	1	1
e48460	s46557	1	1
e48461	s46557	1	1
e48462	s46557	1	1
e48463	s46558	1	1
e48464	s46558	1	1
e48465	s46559	1	1
e48466	s46560	3	1
e48467	s46560	4	1
e48468	s46561	8	1
e48469	s46562	1	1
e48470	s46562	1	1
e48471	s46562	3	1
e48472	s46563	1	1
e48473	s46563	1	1
e48474	s46564	1	1
e48475	s46564	1	1
e48476	s46564	1	1
e48477	s46568	2	2
e48478	s46568	4	2
e48479	s46568	2	2
e48480	s46569	2	1
e48481	s46569	1	1
e48482	s46570	2	1
e48483	s46570	6	1
e48484	s46571	7	1
e48485	s46571	6	1
e48486	s46572	4	1
e48487	s46572	3	1
e48488	s46574	3	1
e48489	s46574	4	1
e48490	s46575	3	1
e48491	s46575	5	1
e48492	s46583	4	1
e48493	s46583	2	1
e48494	s46584	4	1
e48495	s46584	4	1
e48496	s46588	3	1
e48497	s46591	2	1
e48498	s46591	6	1
e48499	s46591	4	1
e48500	s46593	1	1
e48501	s46593	1	1
e48502	s46595	2	1
e48503	s46595	4	1
e48504	s46596	5	1
e48505	s46596	4	1
e48506	s46598	2	1
e48507	s46598	2	1
e48508	s46598	1	1
e48509	s46599	3	2
e48510	s46599	1	2
e48511	s46603	4	1
e48512	s46607	1	2
e48513	s46607	1	2
e48514	s46608	1	1
e48515	s46608	1	1
e48516	s46609	1	1
e48517	s46609	1	1
e48518	s46610	1	1
e48519	s46610	1	1
e48520	s46613	3	1
e48521	s46613	4	1
e48522	s46614	8	1
e48523	s46614	2	1
e48524	s46616	6	1
e48525	s46616	7	1
e48526	s46620	2	1
e48527	s46621	3	1
e48527	s47503	2	1
e48528	s46621	3	1
e48529	s46624	1	1
e48530	s46624	1	1
e48531	s46625	1	1
e48532	s46625	1	1
e48533	s46626	7	1
e48534	s46626	3	1
e48535	s46627	7	1
e48536	s46627	3	1
e48537	s46628	1	1
e48538	s46628	1	1
e48539	s46629	1	2
e48540	s46629	1	2
e48541	s46630	6	1
e48542	s46630	1	1
e48543	s46631	1	1
e48544	s46631	1	1
e48545	s46632	1	1
e48546	s46632	1	1
e48547	s46633	1	1
e48548	s46633	1	1
e48549	s46638	2	1
e48550	s46638	5	1
e48551	s46640	5	1
e48552	s46640	3	1
e48553	s46641	1	1
e48554	s46642	6	1
e48555	s46642	4	1
e48556	s46643	3	1
e48557	s46643	5	1
e48558	s46644	7	1
e48559	s46646	2	1
e48560	s46646	3	1
e48561	s46649	6	1
e48562	s46649	5	1
e48563	s46649	5	1
e48564	s46651	3	1
e48565	s46651	2	1
e48566	s46656	5	1
e48567	s46656	6	1
e48568	s46660	3	1
e48569	s46660	2	1
e48570	s46661	6	1
e48571	s46661	6	1
e48572	s46662	7	1
e48573	s46662	4	1
e48574	s46664	1	1
e48575	s46664	1	1
e48576	s46664	1	1
e48577	s46665	1	1
e48578	s46665	1	1
e48579	s46666	1	1
e48580	s46672	1	1
e48581	s46674	2	1
e48582	s46674	4	1
e48583	s46674	2	1
e48584	s46675	1	1
e48585	s46675	1	1
e48586	s46676	1	2
e48587	s46676	1	2
e48588	s46677	1	2
e48589	s46677	1	2
e48590	s46678	1	1
e48591	s46678	1	1
e48592	s46678	1	1
e48593	s46679	1	1
e48594	s46679	1	1
e48595	s46679	1	1
e48596	s46680	1	1
e48597	s46680	1	1
e48598	s46680	1	1
e48599	s46681	1	1
e48600	s46681	1	1
e48601	s46682	1	1
e48602	s46682	4	1
e48603	s46683	2	1
e48604	s46684	4	1
e48605	s46684	5	1
e48606	s46685	4	1
e48607	s46685	4	1
e48608	s46686	3	1
e48609	s46686	7	1
e48610	s46687	1	1
e48611	s46687	1	1
e48612	s46688	1	1
e48613	s46688	1	1
e48614	s46688	1	1
e48615	s46689	3	1
e48616	s46689	1	1
e48617	s46689	4	1
e48618	s46690	1	1
e48619	s46690	1	1
e48620	s46691	4	1
e48621	s46691	4	1
e48622	s46692	1	1
e48623	s46692	1	1
e48624	s46693	1	1
e48625	s46693	2	1
e48626	s46695	2	1
e48627	s46695	6	1
e48628	s46695	1	1
e48629	s46696	4	2
e48630	s46696	1	2
e48631	s46697	6	1
e48632	s46697	3	1
e48633	s46698	2	1
e48634	s46698	5	1
e48635	s46701	3	1
e48636	s46701	2	1
e48637	s46702	1	1
e48638	s46702	1	1
e48639	s46703	1	2
e48640	s46703	1	2
e48641	s46703	1	2
e48642	s46706	3	1
e48642	s47250	1	1
e48643	s46706	2	1
e48644	s46706	4	1
e48645	s46706	3	1
e48646	s46706	2	1
e48647	s46707	2	1
e48648	s46709	2	1
e48649	s46709	3	1
e48650	s46709	4	1
e48651	s46710	1	2
e48652	s46710	5	2
e48653	s46711	3	1
e48654	s46712	1	1
e48655	s46713	3	1
e48656	s46713	2	1
e48657	s46714	1	1
e48658	s46714	1	1
e48659	s46716	2	1
e48660	s46716	3	1
e48661	s46717	1	2
e48662	s46717	6	2
e48663	s46719	1	1
e48664	s46719	1	1
e48665	s46720	1	1
e48666	s46722	4	1
e48667	s46722	5	1
e48668	s46723	2	1
e48669	s46723	2	1
e48670	s46724	3	1
e48671	s46727	5	1
e48672	s46727	6	1
e48673	s46727	3	1
e48674	s46727	2	1
e48675	s46727	5	1
e48676	s46727	5	1
e48677	s46727	6	1
e48678	s46727	4	1
e48679	s46727	4	1
e48680	s46727	2	1
e48681	s46728	5	1
e48682	s46728	5	1
e48683	s46728	3	1
e48684	s46729	2	2
e48685	s46729	2	2
e48686	s46729	5	2
e48687	s46730	2	3
e48688	s46730	2	3
e48689	s46731	1	1
e48690	s46731	1	1
e48691	s46732	2	1
e48692	s46735	1	1
e48693	s46735	1	1
e48694	s46735	1	1
e48695	s46736	1	1
e48696	s46736	1	1
e48697	s46737	1	1
e48698	s46737	1	1
e48699	s46738	4	1
e48700	s46738	5	1
e48701	s46739	3	1
e48702	s46741	4	1
e48703	s46741	6	1
e48704	s46746	4	1
e48705	s46746	5	1
e48706	s46746	6	1
e48707	s46747	6	1
e48708	s46747	2	1
e48709	s46748	4	1
e48710	s46748	5	1
e48711	s46752	4	1
e48712	s46752	5	1
e48713	s46753	3	1
e48714	s46753	5	1
e48715	s46753	2	1
e48716	s46761	7	1
e48717	s46761	7	1
e48718	s46762	5	1
e48719	s46766	5	1
e48720	s46766	5	1
e48721	s46766	2	1
e48722	s46767	4	1
e48723	s46767	6	1
e48724	s46772	4	1
e48725	s46772	5	1
e48726	s46775	4	1
e48727	s46775	5	1
e48728	s46778	5	1
e48729	s46778	4	1
e48730	s46778	3	1
e48731	s46779	5	1
e48732	s46779	4	1
e48733	s46779	2	1
e48734	s46786	3	1
e48735	s46786	3	1
e48736	s46787	5	1
e48737	s46787	2	1
e48738	s46787	2	1
e48739	s46790	5	1
e48740	s46790	2	1
e48741	s46791	2	1
e48742	s46791	2	1
e48743	s46791	2	1
e48744	s46792	1	1
e48745	s46792	1	1
e48746	s46792	1	1
e48747	s46793	1	1
e48748	s46793	1	1
e48749	s46802	5	1
e48750	s46802	6	1
e48751	s46803	5	1
e48752	s46807	6	1
e48753	s46807	2	1
e48754	s46807	2	1
e48755	s46808	5	1
e48756	s46808	4	1
e48757	s46810	6	1
e48758	s46810	3	1
e48759	s15884	2	1
e48759	s46810	6	1
e48760	s46811	4	1
e48761	s46811	1	1
e48762	s46812	3	1
e48763	s46812	5	1
e48764	s46812	2	1
e48765	s46817	9	1
e48766	s46817	7	1
e48767	s46817	5	1
e48768	s46819	6	1
e48769	s46819	3	1
e48770	s46820	5	1
e48771	s46820	1	1
e48772	s46821	6	1
e48773	s46824	5	1
e48774	s46824	4	1
e48775	s46825	7	1
e48776	s46825	5	1
e48777	s46826	7	1
e48778	s46826	4	1
e48779	s46829	1	1
e48780	s46829	1	1
e48781	s46830	2	1
e48782	s46830	3	1
e48783	s46831	3	1
e48784	s46831	8	1
e48785	s46831	5	1
e48786	s46832	6	1
e48787	s46832	5	1
e48788	s46835	3	1
e48789	s46835	4	1
e48790	s46837	3	1
e48791	s46837	4	1
e48792	s12201	3	1
e48792	s46839	5	1
e48793	s46839	5	1
e48794	s46839	4	1
e48795	s46839	7	1
e48796	s46839	4	1
e48797	s46840	5	1
e48798	s46840	5	1
e48799	s46842	5	1
e48800	s46842	2	1
e48801	s46846	6	1
e48802	s46846	5	1
e48803	s46847	5	1
e48804	s46847	2	1
e48805	s46848	5	1
e48806	s46848	8	1
e48807	s46849	7	1
e48808	s46849	4	1
e48809	s46852	1	1
e48810	s46852	5	1
e48811	s46852	6	1
e48812	s46853	2	1
e48813	s46853	6	1
e48814	s46854	2	1
e48815	s46855	6	1
e48816	s46855	2	1
e48817	s46857	2	1
e48818	s46857	2	1
e48819	s46857	3	1
e48820	s46859	1	1
e48821	s46859	1	1
e48822	s46859	1	1
e48823	s46860	1	1
e48824	s46860	1	1
e48825	s46860	1	1
e48826	s46861	1	1
e48827	s46861	1	1
e48828	s46861	1	1
e48829	s46862	1	1
e48830	s46862	1	1
e48831	s46862	1	1
e48832	s46863	3	1
e48833	s46863	1	1
e48834	s46864	1	1
e48835	s46864	6	1
e48836	s46865	1	1
e48837	s46866	5	1
e48838	s32297	6	1
e48838	s46866	1	1
e48839	s46866	3	1
e48840	s46867	2	1
e48841	s46867	1	1
e48842	s46868	1	1
e48843	s46868	1	1
e48844	s46868	1	1
e48845	s46868	1	1
e48846	s46868	1	1
e48847	s46868	1	1
e48848	s46869	1	1
e48849	s46869	1	1
e48850	s46869	1	1
e48851	s32611	7	1
e48851	s46870	1	1
e48852	s46870	2	1
e48853	s46870	1	1
e48854	s46871	1	1
e48855	s46872	1	1
e48856	s46872	1	1
e48857	s46873	1	1
e48858	s46873	1	1
e48859	s46873	1	1
e48860	s46874	1	1
e48861	s46874	1	1
e48862	s46874	5	1
e48863	s46875	1	1
e48864	s46875	1	1
e48865	s46877	7	1
e48866	s46877	7	1
e48867	s46877	4	1
e48868	s46878	1	1
e48869	s46878	1	1
e48870	s46879	1	1
e48871	s46879	1	1
e48872	s46885	1	1
e48873	s46885	1	1
e48874	s13439	6	1
e48874	s46887	1	1
e48875	s46887	2	1
e48876	s46889	1	1
e48877	s46889	1	1
e48878	s46890	1	1
e48879	s46890	1	1
e48880	s46891	1	1
e48881	s46891	1	1
e48882	s46892	1	1
e48883	s46892	1	1
e48884	s46892	1	1
e48885	s46893	1	1
e48886	s46893	6	1
e48887	s46894	7	1
e48888	s46894	1	1
e48889	s46894	1	1
e48890	s46895	1	1
e48891	s46895	1	1
e48892	s46896	3	1
e48893	s46898	2	1
e48894	s46898	4	1
e48895	s46899	6	1
e48896	s46899	5	1
e48897	s46900	4	1
e48898	s46900	6	1
e48899	s46901	4	1
e48900	s46902	1	1
e48901	s46902	1	1
e48902	s46903	1	1
e48903	s46904	1	1
e48904	s46904	1	1
e48905	s46904	1	1
e48906	s46905	1	1
e48907	s46905	1	1
e48908	s46906	1	1
e48909	s46906	5	1
e48910	s46907	3	1
e48911	s46907	1	1
e48912	s46910	2	1
e48913	s46910	3	1
e48914	s46911	1	1
e48915	s46911	5	1
e48916	s46912	3	1
e48917	s46912	5	1
e48918	s46912	1	1
e48919	s46913	1	1
e48920	s46913	1	1
e48921	s46915	1	2
e48922	s46915	1	2
e48923	s46916	1	1
e48924	s46916	1	1
e48925	s46917	6	1
e48926	s46917	1	1
e48927	s46918	6	1
e48928	s46918	1	1
e48929	s46918	1	1
e48930	s46922	1	1
e48931	s46922	1	1
e48932	s46924	3	1
e48933	s46924	1	1
e48934	s46924	1	1
e48935	s46925	3	2
e48936	s46925	1	2
e48937	s46926	1	1
e48938	s46926	1	1
e48938	s47606	6	1
e48939	s46926	1	1
e48940	s46927	1	1
e48941	s46927	1	1
e48942	s46928	1	1
e48943	s46928	1	1
e48944	s46930	4	1
e48945	s46932	1	1
e48946	s46932	1	1
e48947	s46934	4	1
e48948	s46934	1	1
e48949	s46934	1	1
e48950	s46935	1	1
e48951	s46935	1	1
e48952	s46936	1	1
e48953	s46939	3	1
e48954	s46939	3	1
e48955	s46942	4	1
e48956	s46942	2	1
e48957	s46943	1	1
e48958	s46945	7	1
e48959	s46945	4	1
e48960	s46946	3	1
e48961	s46946	5	1
e48962	s46951	1	2
e48963	s46951	1	2
e48964	s46951	1	2
e48965	s46955	3	2
e48966	s46955	1	2
e48967	s46957	1	1
e48968	s46957	1	1
e48969	s46957	1	1
e48970	s46960	1	1
e48971	s46960	1	1
e48972	s46961	1	1
e48973	s46962	1	1
e48974	s46962	1	1
e48975	s46962	1	1
e48976	s46962	1	1
e48977	s46962	2	1
e48978	s46962	6	1
e48979	s46962	1	1
e48980	s46963	5	1
e48981	s46965	1	2
e48982	s46965	1	2
e48983	s46965	1	2
e48984	s46966	1	2
e48985	s22458	4	1
e48985	s46966	3	2
e48986	s46966	7	2
e48987	s46968	3	2
e48988	s46969	3	1
e48989	s46971	1	1
e48990	s46971	2	1
e48991	s46976	3	1
e48992	s46976	1	1
e48993	s46977	1	1
e48994	s46984	2	1
e48995	s46984	3	1
e48996	s46984	4	1
e48997	s46985	5	1
e48998	s46987	4	1
e48999	s46987	2	1
e49000	s46990	2	1
e49001	s46990	1	1
e49002	s46991	4	1
e49003	s46991	1	1
e49004	s46992	7	1
e49005	s46992	4	1
e49006	s46993	1	1
e49007	s46994	1	1
e49008	s46994	5	1
e49009	s46995	2	1
e49010	s46995	3	1
e49011	s46996	5	1
e49012	s46998	1	1
e49013	s46998	6	1
e49014	s47003	3	1
e49015	s47004	2	1
e49016	s47005	4	1
e49017	s20532	4	1
e49017	s47007	3	1
e49018	s47008	4	1
e49019	s47008	1	1
e49020	s47011	2	1
e49021	s47011	4	1
e49022	s47015	1	1
e49023	s47016	4	1
e49024	s47016	5	1
e49025	s47016	6	1
e49026	s47017	2	1
e49027	s47017	4	1
e49028	s47017	1	1
e49029	s47019	2	1
e49030	s47019	3	1
e49031	s47021	1	1
e49032	s47021	1	1
e49033	s47022	3	1
e49034	s47025	4	1
e49035	s47025	3	1
e49036	s47027	3	1
e49037	s47027	4	1
e49038	s47031	5	1
e49039	s47031	4	1
e49040	s47036	5	1
e49041	s47036	3	1
e49042	s47038	6	1
e49043	s47038	4	1
e49044	s47039	7	1
e49045	s47039	3	1
e49046	s47039	3	1
e49047	s47042	2	1
e49048	s47042	1	1
e49049	s47042	1	1
e49050	s47043	4	1
e49051	s47043	6	1
e49052	s47043	6	1
e49053	s47045	3	1
e49054	s37791	3	1
e49054	s47045	1	1
e49055	s47046	2	1
e49056	s47046	3	1
e49057	s47055	2	1
e49058	s47055	5	1
e49059	s47056	5	1
e49060	s47057	4	1
e49061	s47060	1	1
e49062	s47060	2	1
e49063	s47061	4	1
e49064	s47061	4	1
e49065	s47061	4	1
e49066	s47068	3	1
e49067	s47070	1	1
e49068	s47070	2	1
e49069	s47072	2	1
e49070	s47072	4	1
e49071	s47074	6	1
e49072	s47074	3	1
e49073	s47075	4	1
e49074	s47077	1	1
e49075	s47079	3	1
e49076	s47079	1	1
e49077	s47079	1	1
e49078	s47081	1	1
e49079	s47081	3	1
e49080	s47082	3	1
e49081	s47082	2	1
e49082	s47091	1	1
e49083	s47091	3	1
e49084	s47092	1	1
e49085	s47094	1	1
e49086	s47094	1	1
e49087	s47094	4	1
e49088	s47095	1	1
e49089	s47095	3	1
e49090	s47097	4	1
e49091	s47097	5	1
e49092	s47103	1	1
e49093	s47103	1	1
e49094	s47103	1	1
e49095	s47104	1	1
e49096	s47104	4	1
e49097	s47109	1	1
e49098	s47109	4	1
e49099	s47110	2	1
e49100	s47110	3	1
e49101	s47111	3	1
e49102	s47111	5	1
e49102	s47171	7	1
e49103	s47113	1	1
e49104	s47113	1	1
e49104	s51027	3	1
e49105	s47114	3	1
e49106	s47114	1	1
e49107	s47116	1	1
e49108	s47117	1	1
e49109	s47117	4	1
e49110	s47120	4	1
e49111	s47120	7	1
e49112	s47121	1	1
e49113	s47121	3	1
e49114	s47129	1	1
e49114	s47130	1	2
e49115	s47129	3	1
e49116	s47129	2	1
e49117	s47130	5	2
e49118	s47135	1	1
e49119	s47135	3	1
e49120	s47138	1	2
e49121	s47138	5	2
e49122	s47139	1	2
e49123	s47139	1	2
e49124	s47136	1	1
e49124	s47139	1	2
e49125	s47141	3	1
e49126	s47141	1	1
e49127	s47142	1	1
e49128	s47144	2	1
e49129	s47144	5	1
e49130	s47144	2	1
e49131	s47147	2	1
e49132	s47147	5	1
e49133	s47147	3	1
e49134	s47148	1	1
e49135	s47148	4	1
e49136	s47149	3	1
e49137	s47149	5	1
e49138	s47152	1	1
e49139	s47152	3	1
e49140	s47156	1	1
e49141	s47156	2	1
e49142	s47157	1	1
e49143	s47157	1	1
e49144	s47158	1	1
e49145	s47158	3	1
e49146	s47158	1	1
e49147	s47160	4	1
e49148	s47160	3	1
e49149	s47163	1	1
e49150	s47165	7	1
e49151	s47169	1	1
e49152	s47169	1	1
e49153	s47171	1	1
e49154	s47172	3	1
e49155	s47172	3	1
e49156	s47172	6	1
e49157	s47174	4	1
e49158	s47174	5	1
e49159	s47179	4	1
e49160	s8848	5	1
e49160	s47179	4	1
e49161	s47179	1	1
e49162	s47180	3	1
e49163	s47181	1	1
e49164	s47183	6	1
e49165	s47186	1	1
e49166	s47186	3	1
e49167	s47188	1	1
e49168	s47190	3	1
e49169	s47190	2	1
e49170	s47195	1	1
e49171	s47195	1	1
e49172	s47197	1	1
e49173	s47199	5	1
e49174	s47206	2	1
e49175	s47206	5	1
e49176	s47210	3	1
e49177	s47210	5	1
e49178	s47211	5	1
e49179	s47211	1	1
e49180	s47213	1	1
e49181	s47213	1	1
e49182	s47214	7	1
e49183	s47214	2	1
e49184	s47216	1	1
e49185	s47216	4	1
e49186	s47218	4	1
e49187	s47218	1	1
e49188	s11382	6	1
e49188	s47219	4	1
e49189	s47219	4	1
e49190	s47219	7	1
e49191	s47219	4	1
e49192	s47219	2	1
e49193	s47219	4	1
e49194	s47219	3	1
e49195	s47219	5	1
e49196	s47219	4	1
e49197	s47219	5	1
e49198	s47219	4	1
e49199	s47219	5	1
e49200	s47222	1	1
e49201	s47223	2	1
e49202	s47224	1	1
e49203	s47224	1	1
e49204	s47224	1	1
e49205	s47225	6	1
e49206	s47225	4	1
e49207	s47226	4	1
e49208	s47226	1	1
e49209	s47227	1	1
e49210	s47231	1	1
e49211	s47231	5	1
e49212	s47231	1	1
e49213	s47233	1	1
e49214	s47233	1	1
e49215	s47234	1	1
e49216	s47234	1	1
e49217	s47242	2	1
e49218	s47250	2	1
e49219	s47250	5	1
e49220	s47250	1	1
e49221	s47250	1	1
e49222	s47251	1	1
e49223	s47257	7	1
e49224	s47258	2	1
e49225	s47258	2	1
e49226	s47259	3	1
e49227	s47259	2	1
e49228	s47259	2	1
e49229	s47260	1	1
e49230	s47262	2	1
e49231	s47263	3	1
e49232	s47263	1	1
e49233	s47264	5	1
e49234	s47264	5	1
e49235	s47264	1	1
e49236	s47265	1	1
e49237	s47265	1	1
e49238	s47265	4	1
e49239	s47267	1	1
e49240	s47268	1	1
e49241	s47268	1	1
e49242	s47272	3	2
e49243	s47272	1	2
e49244	s47273	1	2
e49245	s47273	1	2
e49246	s47274	1	1
e49247	s47275	1	1
e49248	s47275	1	1
e49249	s47275	1	1
e49250	s47281	1	1
e49251	s47281	1	1
e49252	s47281	1	1
e49253	s47282	1	1
e49254	s47282	1	1
e49255	s47285	1	1
e49256	s47285	1	1
e49257	s47289	2	1
e49258	s47290	1	1
e49258	s47291	1	2
e49259	s47290	2	1
e49260	s47290	1	1
e49261	s47291	1	2
e49262	s47291	2	2
e49263	s47292	2	1
e49264	s47298	1	1
e49265	s47304	2	1
e49266	s47304	4	1
e49267	s47304	5	1
e49268	s47305	1	1
e49269	s47307	1	1
e49270	s47308	1	1
e49271	s47308	1	1
e49272	s47308	3	1
e49273	s47310	5	1
e49274	s47318	4	1
e49275	s47319	3	1
e49276	s47319	1	1
e49277	s47320	4	1
e49278	s47320	2	1
e49279	s47320	5	1
e49280	s47321	5	1
e49281	s18645	6	1
e49281	s47321	5	1
e49282	s47321	2	1
e49283	s47322	2	1
e49284	s47322	5	1
e49285	s47328	4	1
e49286	s47328	2	1
e49287	s47329	4	1
e49288	s47329	3	1
e49289	s47335	3	1
e49290	s47335	3	1
e49291	s47335	5	1
e49292	s47335	4	1
e49293	s47335	7	1
e49294	s18000	3	1
e49294	s47335	4	1
e49295	s47335	6	1
e49296	s47335	7	1
e49297	s47335	4	1
e49298	s47335	4	1
e49299	s47335	4	1
e49300	s47335	4	1
e49301	s8180	2	1
e49301	s47335	4	1
e49302	s47335	6	1
e49303	s47335	6	1
e49304	s47336	3	1
e49305	s47337	2	1
e49306	s47338	6	1
e49307	s47339	1	1
e49307	s47340	1	2
e49308	s47340	3	2
e49309	s47340	1	2
e49310	s47341	4	1
e49311	s47341	1	1
e49312	s47342	5	1
e49313	s47342	1	1
e49314	s47344	4	1
e49315	s47344	1	1
e49316	s47352	3	1
e49317	s47352	2	1
e49318	s47354	3	1
e49319	s47356	4	1
e49320	s47357	3	1
e49321	s47357	3	1
e49322	s47357	3	1
e49323	s47358	4	1
e49324	s47358	8	1
e49325	s47361	3	1
e49326	s47361	5	1
e49327	s47369	4	1
e49328	s47369	3	1
e49329	s47370	5	1
e49330	s47375	6	1
e49331	s47375	6	1
e49332	s47379	1	1
e49333	s47380	5	1
e49334	s47380	3	1
e49335	s47399	4	1
e49336	s47401	2	1
e49337	s47401	2	1
e49338	s47403	4	1
e49339	s47407	2	1
e49340	s47408	6	1
e49341	s47410	3	1
e49342	s47411	1	1
e49343	s47414	2	1
e49344	s47414	2	1
e49345	s47417	1	1
e49346	s47417	1	1
e49347	s47420	1	1
e49348	s47420	1	1
e49349	s47420	6	1
e49350	s47422	4	1
e49351	s47422	5	1
e49352	s47423	6	1
e49353	s47423	4	1
e49354	s47423	5	1
e49355	s47424	1	1
e49356	s47424	1	1
e49357	s47425	3	1
e49358	s47425	4	1
e49359	s47425	7	1
e49360	s47426	3	1
e49361	s47426	4	1
e49362	s47427	2	1
e49363	s47427	2	1
e49364	s47430	2	1
e49365	s47430	2	1
e49366	s47433	2	1
e49367	s47433	2	1
e49368	s47437	3	1
e49369	s47437	2	1
e49370	s47440	4	1
e49371	s47441	3	2
e49372	s47441	6	2
e49373	s47441	6	2
e49374	s47442	4	2
e49375	s47442	2	2
e49376	s47442	5	2
e49377	s47443	2	1
e49378	s47443	4	1
e49378	s50999	5	1
e49379	s47443	2	1
e49380	s47444	2	1
e49381	s47444	2	1
e49382	s47445	3	1
e49383	s47445	4	1
e49384	s47446	2	1
e49385	s47446	2	1
e49386	s47449	4	1
e49387	s47449	6	1
e49388	s47449	3	1
e49389	s47450	1	1
e49390	s47450	1	1
e49391	s47452	4	1
e49392	s47455	5	1
e49393	s47455	2	1
e49394	s47455	4	1
e49395	s47457	3	1
e49396	s47457	5	1
e49397	s47457	3	1
e49398	s47458	5	1
e49399	s47458	2	1
e49400	s47458	2	1
e49401	s47460	4	1
e49402	s47460	4	1
e49403	s47462	7	1
e49404	s47462	6	1
e49405	s47462	5	1
e49406	s47464	2	1
e49407	s47464	6	1
e49408	s47464	2	1
e49409	s47469	6	1
e49410	s47469	5	1
e49411	s47471	5	1
e49412	s47471	3	1
e49413	s47473	4	1
e49414	s47473	6	1
e49415	s47473	7	1
e49416	s47476	5	1
e49417	s47476	2	1
e49418	s47477	3	1
e49419	s47477	2	1
e49420	s47478	3	1
e49421	s47478	3	1
e49422	s47479	3	1
e49423	s47479	2	1
e49424	s47480	6	1
e49425	s47480	2	1
e49426	s47480	6	1
e49427	s47482	2	1
e49428	s47484	4	1
e49429	s47484	4	1
e49430	s47484	8	1
e49431	s47485	2	1
e49432	s47485	5	1
e49433	s47486	4	1
e49434	s47486	3	1
e49435	s47487	3	1
e49436	s47487	5	1
e49437	s47488	3	1
e49438	s47489	2	1
e49439	s47489	2	1
e49440	s47489	6	1
e49441	s47491	6	1
e49442	s47491	4	1
e49443	s47492	5	1
e49444	s47492	2	1
e49445	s47493	5	1
e49446	s47496	4	1
e49447	s47496	1	1
e49448	s47496	4	1
e49449	s47505	3	1
e49450	s47505	3	1
e49451	s47505	6	1
e49452	s47506	7	1
e49453	s47506	4	1
e49454	s47508	3	1
e49455	s47508	2	1
e49456	s47508	4	1
e49457	s47510	6	1
e49458	s47510	4	1
e49459	s47511	6	1
e49460	s47511	5	1
e49461	s47519	5	1
e49462	s47519	4	1
e49463	s47520	5	1
e49464	s47522	1	1
e49465	s47522	1	1
e49466	s47522	1	1
e49467	s47523	1	1
e49468	s47523	2	1
e49469	s47525	2	1
e49470	s47525	4	1
e49471	s47525	2	1
e49472	s47527	1	1
e49473	s47528	5	1
e49474	s47528	4	1
e49475	s47531	2	1
e49476	s47532	2	1
e49477	s47532	2	1
e49478	s47534	2	1
e49479	s47537	4	1
e49480	s47538	5	1
e49481	s47540	3	1
e49482	s47540	3	1
e49483	s47540	2	1
e49484	s47541	3	1
e49485	s47541	3	1
e49486	s47542	3	1
e49487	s47548	4	1
e49488	s47548	5	1
e49489	s47548	2	1
e49490	s47549	4	1
e49491	s47555	7	1
e49492	s47555	5	1
e49493	s47555	7	1
e49494	s47560	5	1
e49495	s47560	8	1
e49496	s47562	2	1
e49497	s47562	4	1
e49498	s47563	1	1
e49499	s47563	4	1
e49500	s47566	4	1
e49501	s47566	6	1
e49502	s47567	5	1
e49503	s47567	6	1
e49504	s47571	5	1
e49505	s47571	2	1
e49506	s47575	5	1
e49507	s47577	2	1
e49508	s47579	5	1
e49509	s47579	6	1
e49510	s47579	7	1
e49511	s47580	7	1
e49512	s47580	6	1
e49513	s47581	1	1
e49514	s47581	1	1
e49515	s47581	1	1
e49516	s11989	5	1
e49516	s47581	1	1
e49517	s47581	2	1
e49518	s47581	1	1
e49519	s47581	1	1
e49520	s47582	3	2
e49521	s47582	4	2
e49522	s47583	1	2
e49523	s47583	6	2
e49524	s47585	1	1
e49525	s47585	4	1
e49526	s47586	1	1
e49527	s47586	4	1
e49528	s47586	1	1
e49529	s47587	2	1
e49530	s47587	4	1
e49531	s47589	1	1
e49532	s47589	2	1
e49533	s47590	3	1
e49534	s47590	4	1
e49535	s47591	1	1
e49536	s47591	1	1
e49537	s47591	1	1
e49538	s47592	1	1
e49539	s47592	3	1
e49540	s47593	1	1
e49541	s47595	3	1
e49542	s47595	5	1
e49543	s47596	2	1
e49544	s47605	7	1
e49545	s47605	5	1
e49546	s47605	6	1
e49547	s47606	7	1
e49548	s47606	6	1
e49549	s47607	1	1
e49550	s47607	1	1
e49551	s47608	6	1
e49552	s47608	3	1
e49553	s47609	3	1
e49554	s47609	3	1
e49555	s47610	2	1
e49556	s47610	5	1
e49557	s47615	3	1
e49558	s47615	3	1
e49559	s47617	1	1
e49560	s47617	2	1
e49561	s47618	4	1
e49562	s47618	2	1
e49563	s47637	5	1
e49564	s47638	7	1
e49565	s47638	4	1
e49566	s47639	10	1
e49567	s47639	4	1
e49568	s47642	4	1
e49569	s47642	4	1
e49570	s47643	4	1
e49571	s47643	3	1
e49572	s47645	2	1
e49573	s47645	2	1
e49574	s47645	2	1
e49575	s47646	2	1
e49576	s47646	2	1
e49577	s47646	3	1
e49578	s47649	3	1
e49579	s47649	5	1
e49580	s47651	1	1
e49581	s47651	1	1
e49582	s47651	1	1
e49583	s47655	3	1
e49584	s47661	1	1
e49585	s47665	2	1
e49586	s47665	4	1
e49587	s47667	1	1
e49588	s47667	5	1
e49589	s47667	2	1
e49590	s47668	1	1
e49591	s47670	4	1
e49592	s47670	1	1
e49593	s47673	5	1
e49594	s47673	6	1
e49595	s47674	5	1
e49596	s47674	10	1
e49597	s47674	2	1
e49598	s47678	3	1
e49599	s47678	1	1
e49600	s47678	3	1
e49601	s47679	7	1
e49602	s47680	3	1
e49603	s47682	4	1
e49604	s47682	5	1
e49605	s47689	4	1
e49606	s47689	3	1
e49607	s47689	7	1
e49608	s47691	1	1
e49609	s47691	1	1
e49610	s47692	1	1
e49611	s47692	3	1
e49612	s47692	1	1
e49613	s47693	1	1
e49614	s47693	1	1
e49615	s47693	5	1
e49616	s47695	1	1
e49617	s47695	1	1
e49618	s47696	4	1
e49619	s47697	1	1
e49620	s47697	1	1
e49621	s47703	6	1
e49622	s47703	4	1
e49623	s47703	2	1
e49624	s47704	4	1
e49625	s47704	5	1
e49626	s47704	1	1
e49627	s47705	1	1
e49628	s47709	1	2
e49629	s47709	3	2
e49630	s47713	2	1
e49631	s47714	1	1
e49632	s47714	5	1
e49633	s47714	1	1
e49634	s47715	9	1
e49635	s47715	6	1
e49636	s47716	4	1
e49637	s47720	4	1
e49638	s47720	2	1
e49639	s47721	3	1
e49640	s47721	4	1
e49641	s47721	2	1
e49642	s47722	6	1
e49643	s47724	4	1
e49644	s47724	1	1
e49645	s47731	5	1
e49646	s47732	1	1
e49647	s47732	1	1
e49648	s47733	2	1
e49649	s47733	2	1
e49650	s47733	4	1
e49651	s47733	2	1
e49652	s47733	5	1
e49653	s47733	7	1
e49654	s47733	4	1
e49655	s47733	3	1
e49656	s47733	3	1
e49657	s47733	2	1
e49658	s47733	1	1
e49659	s47733	1	1
e49660	s47737	3	1
e49661	s47737	1	1
e49662	s47737	4	1
e49663	s47739	1	1
e49664	s47739	1	1
e49665	s47741	3	1
e49666	s47748	1	1
e49667	s47748	1	1
e49668	s47750	1	1
e49669	s47750	3	1
e49670	s47752	3	1
e49671	s47759	4	1
e49672	s47759	4	1
e49673	s47770	4	1
e49674	s47770	1	1
e49675	s47771	3	1
e49676	s47775	1	1
e49677	s47775	1	1
e49678	s47776	3	1
e49679	s47776	1	1
e49680	s47777	4	1
e49681	s47777	2	1
e49682	s47779	2	1
e49683	s47779	1	1
e49684	s47785	2	1
e49685	s47795	3	1
e49686	s47795	3	1
e49687	s47796	1	1
e49688	s47799	5	1
e49689	s47800	4	1
e49690	s47800	3	1
e49691	s47800	5	1
e49692	s47801	6	1
e49693	s47802	2	1
e49694	s47802	3	1
e49695	s47824	1	1
e49696	s47824	1	1
e49697	s47824	1	1
e49698	s47825	1	1
e49699	s47826	1	1
e49700	s47826	6	1
e49701	s47829	1	1
e49702	s47829	3	1
e49703	s47829	3	1
e49704	s47830	2	1
e49705	s47836	3	1
e49706	s47836	3	1
e49707	s47836	1	1
e49708	s47837	5	1
e49709	s47837	1	1
e49710	s47838	1	1
e49711	s47839	3	1
e49712	s47839	1	1
e49713	s47840	1	1
e49714	s47840	1	1
e49715	s47841	5	1
e49716	s47841	2	1
e49717	s47841	2	1
e49718	s47841	4	1
e49719	s47841	2	1
e49720	s47841	2	1
e49721	s47841	2	1
e49722	s47841	2	1
e49723	s47841	2	1
e49724	s47841	2	1
e49725	s47841	4	1
e49725	s48260	1	1
e49726	s47844	2	1
e49726	s49366	4	1
e49727	s47845	3	1
e49728	s47845	1	1
e49729	s47846	4	1
e49730	s47846	4	1
e49731	s47846	4	1
e49732	s47848	7	1
e49733	s47848	6	1
e49734	s47850	2	1
e49735	s47851	1	1
e49736	s47851	5	1
e49737	s47851	3	1
e49738	s47853	2	1
e49739	s47855	4	1
e49740	s47855	3	1
e49741	s47855	4	1
e49742	s47856	2	1
e49743	s47856	1	1
e49744	s47859	1	1
e49745	s47862	6	1
e49746	s47862	6	1
e49747	s47862	10	1
e49748	s47863	4	1
e49749	s47863	7	1
e49750	s47866	7	1
e49751	s47866	2	1
e49752	s47866	3	1
e49753	s47867	3	1
e49754	s47867	3	1
e49755	s47868	5	1
e49756	s47870	6	1
e49757	s47871	4	1
e49758	s47871	5	1
e49759	s47871	3	1
e49760	s47872	4	1
e49761	s47872	4	1
e49762	s47872	3	1
e49763	s47874	7	1
e49764	s47874	5	1
e49765	s47875	6	1
e49766	s47875	5	1
e49767	s47875	4	1
e49768	s47876	3	1
e49769	s47876	4	1
e49770	s47876	3	1
e49771	s47877	5	1
e49772	s47877	5	1
e49773	s47877	3	1
e49774	s47878	6	1
e49775	s47878	4	1
e49776	s8231	4	1
e49776	s47879	6	1
e49777	s47879	7	1
e49778	s47879	5	1
e49779	s47880	6	1
e49780	s38852	3	1
e49780	s47881	7	1
e49781	s47881	5	1
e49782	s47881	4	1
e49783	s18093	5	1
e49783	s47882	6	1
e49784	s47882	5	1
e49785	s47882	7	1
e49785	s48016	3	1
e49786	s47883	7	1
e49787	s47883	5	1
e49788	s47884	8	1
e49789	s47884	6	1
e49790	s47887	5	1
e49791	s47887	2	1
e49792	s47888	6	1
e49793	s47888	3	1
e49794	s47889	2	1
e49795	s47890	5	1
e49796	s47890	6	1
e49797	s47891	5	1
e49798	s47891	5	1
e49799	s47893	6	1
e49800	s47893	6	1
e49801	s47893	5	1
e49802	s47894	5	1
e49803	s47894	9	1
e49804	s47895	7	1
e49805	s47895	6	1
e49806	s47896	1	1
e49807	s47896	1	1
e49808	s47896	1	1
e49809	s47896	4	1
e49810	s36109	7	1
e49810	s47896	4	1
e49811	s47896	1	1
e49812	s47896	1	1
e49813	s47896	1	1
e49814	s47896	1	1
e49815	s47896	1	1
e49816	s47897	4	2
e49817	s47897	2	2
e49818	s34281	4	1
e49818	s47899	2	1
e49819	s47901	5	1
e49820	s47901	2	1
e49821	s47904	3	1
e49822	s47904	4	1
e49823	s47909	3	1
e49824	s47911	4	1
e49825	s47911	3	1
e49826	s47915	6	1
e49827	s47915	4	1
e49828	s47915	2	1
e49829	s47916	4	1
e49830	s47916	3	1
e49831	s47919	1	1
e49832	s47919	2	1
e49833	s47920	1	1
e49834	s47920	2	1
e49835	s47920	1	1
e49836	s47921	3	1
e49837	s47921	3	1
e49838	s47926	1	1
e49839	s47927	1	1
e49840	s47929	5	1
e49841	s47929	4	1
e49842	s47929	5	1
e49843	s47935	4	1
e49844	s47935	4	1
e49845	s47938	2	1
e49846	s47938	2	1
e49847	s47938	3	1
e49848	s47940	7	1
e49849	s47941	1	1
e49850	s47941	4	1
e49851	s47942	5	1
e49852	s47942	5	1
e49853	s47945	4	1
e49854	s47947	4	1
e49855	s47947	4	1
e49856	s47947	3	1
e49857	s47953	5	1
e49858	s47953	5	1
e49859	s47955	5	1
e49860	s47955	3	1
e49861	s47955	3	1
e49862	s47961	3	2
e49863	s47961	4	2
e49864	s47962	2	2
e49865	s47962	3	2
e49866	s47962	2	2
e49867	s47964	4	1
e49868	s47964	4	1
e49869	s47967	1	1
e49870	s47967	7	1
e49871	s47967	1	1
e49872	s47967	2	1
e49873	s47967	3	1
e49874	s47967	7	1
e49875	s47967	3	1
e49876	s47967	2	1
e49877	s47967	6	1
e49878	s47967	4	1
e49879	s47967	6	1
e49880	s47967	4	1
e49881	s47971	4	1
e49881	s48956	1	1
e49882	s47972	1	1
e49883	s47972	1	1
e49884	s47972	1	1
e49885	s47980	2	1
e49886	s47980	3	1
e49887	s47980	2	1
e49888	s47990	6	1
e49889	s47993	2	1
e49890	s47993	6	1
e49891	s47993	3	1
e49892	s47994	2	1
e49893	s47994	3	1
e49894	s47994	2	1
e49895	s47999	2	1
e49896	s47999	6	1
e49897	s48002	5	1
e49898	s48002	3	1
e49899	s48011	4	1
e49900	s48011	2	1
e49901	s48012	5	1
e49902	s48012	3	1
e49903	s48013	3	1
e49904	s48013	5	1
e49905	s48014	7	1
e49906	s48014	4	1
e49907	s48014	2	1
e49908	s48015	6	1
e49909	s48015	5	1
e49910	s48019	1	1
e49911	s48023	5	1
e49912	s48023	8	1
e49913	s48025	4	1
e49914	s48025	5	1
e49915	s48026	6	1
e49916	s48026	5	1
e49917	s48029	5	1
e49918	s48029	4	1
e49919	s48031	7	1
e49920	s48031	4	1
e49921	s48033	5	1
e49922	s48033	4	1
e49923	s48033	3	1
e49924	s48036	3	1
e49925	s48037	5	1
e49926	s48037	5	1
e49927	s48037	5	1
e49928	s48041	4	1
e49929	s48041	3	1
e49930	s48042	3	1
e49931	s48046	5	1
e49932	s48046	5	1
e49933	s48047	7	1
e49934	s48047	4	1
e49935	s48048	7	1
e49936	s48048	5	1
e49937	s48049	3	1
e49938	s48049	2	1
e49939	s48050	2	1
e49940	s48050	5	1
e49941	s48051	4	1
e49942	s48051	7	1
e49943	s48052	2	1
e49944	s48052	4	1
e49945	s48053	5	1
e49946	s48053	5	1
e49947	s48054	2	1
e49948	s48054	2	1
e49949	s48055	2	1
e49950	s48055	4	1
e49951	s48057	6	1
e49952	s48057	6	1
e49953	s48058	3	1
e49954	s48058	1	1
e49955	s48059	2	1
e49956	s48059	4	1
e49957	s48060	5	1
e49958	s48066	2	1
e49959	s48067	2	1
e49960	s48070	5	1
e49961	s48074	1	2
e49962	s48074	4	2
e49963	s48075	1	2
e49964	s48075	3	2
e49965	s48076	3	1
e49966	s48079	1	2
e49967	s48079	1	2
e49968	s48080	1	1
e49969	s48080	2	1
e49970	s48081	2	1
e49971	s48081	2	1
e49972	s48082	3	1
e49973	s48082	1	1
e49974	s48084	2	1
e49975	s48084	5	1
e49976	s48085	1	1
e49977	s48085	1	1
e49978	s48086	1	1
e49979	s48087	1	1
e49980	s48087	2	1
e49981	s48088	4	1
e49982	s48088	1	1
e49983	s48088	3	1
e49984	s48089	3	1
e49985	s48089	2	1
e49986	s48090	1	1
e49987	s48090	1	1
e49988	s48091	8	1
e49989	s48093	5	1
e49990	s48093	5	1
e49991	s48093	6	1
e49992	s48094	5	1
e49993	s48095	1	1
e49994	s48095	1	1
e49995	s48096	1	1
e49996	s48096	3	1
e49997	s48097	1	1
e49998	s48097	3	1
e49999	s48098	4	1
