sense	terms	definition	text
s54000	zozaam flower	a kind of beautiful flower that has no scent, named in songs	
s54001	proud/arrogant/stuck-up	<a> and <kiphasak> written as one word: proud, arrogant, and the one who is proud	
s54002	be intense/be at its height/be extreme	be strong or severe in degree, as {a uat pen}, its highest point, and {uat luat}, too extreme; doubled as {uat-uat} it describes loud or vehement speech and laughter	
s54003	Kyaukse	town in Mandalay Region in central Myanmar	
s54004	place/direction of a place	<mun> and <lam> written as one word: the place, or the direction of the place, that the words before it name	
s54005	plan/arrange	<na> and <gel> written as one word: you plan, or with <na> for an earlier action, had planned or arranged	
s54006	except/apart from	<lobuang> and <ah> written as one word: except for, apart from what is named before it	
s54007	be careful/beware	<kidawm> and <ding> written as one word: to be careful, should guard against something	
s54008	Malden	town in Massachusetts in the United States, the birthplace of the missionary Adoniram Judson	
s54009	the British	<Mangkang> and <ten> written as one word: the British as the doers of an action	
s54010	wall/wall panel/wall slab	<kawm>, wall, with <peek>, flat piece, written as one word: the flat face of a wall, or a board or slab that forms a wall and can be written on	
s54011	upper floor/upstairs	<dawl>, floor, and <tung>, on, written as one word: the upper floor of a building, and in a wider use a higher level or rank	
s54012	whole people/entire population	<mi> and <buppi> written as one word: the whole of a people, all the people of a country or nation	
s54013	axe	a kind of axe that is carried on the shoulder to work, named in songs; taken to be <kawl>, Burmese, with <hei>, axe	
s54014	shared meal/dinner/meal together	<nekpih> with the noun suffix {-na}: a meal eaten together with guests, usually {an nekpihna}	
s54015	not be done/not be carried out	<kisem> and <lo> written as one word: is not done, is not carried out	
s54016	try to drink/be about to drink	<dawn> and <sawm> written as one word: intend or try to drink	
s54017	comfortably/pleasantly/easily	<noptak> and <in> written as one word: in comfort, pleasantly, without trouble	
s54018	trees and grass/vegetation/plants	<singkung> and <lopa> written as one word: trees and grass, all that grows on the land	
s54019	be reported/be heard	<kiza> and <hi> written as one word: it is reported, it is heard, closing a news sentence after <cih> or {cih thu}	
s54020	take part/be included	<na> and <kihel> written as one word: you take part, or with <na> for an earlier state, was among, was included	
s54021	set up/establish/found	<hong> and <phut> written as one word: set up or found something, as an organisation, a throne or a boundary	
s54022	what meaning	<bang> and <khiatna> written as one word: what meaning, in questions such as {bangkhiatna nei hiam}, what does it mean	
s54023	Bulgaria	country in south-eastern Europe	
s54024	doing together/joining/combining	<kop> with the noun suffix {-na}, placed after a verb: the doing of it together, as {kimuh kopna}, a meeting together, and {pan kopna}, working together	
s54025	way of sharing/way of distributing/way of managing	<hawm> and <zia> written as one word: the way something is shared out, and after <vai> the way affairs are managed	
s54026	Maiduguri	city in north-eastern Nigeria, the capital of Borno State	
s54027	good management/skill in managing	<vaihawmsiam> with the noun suffix {-na}: skill in managing and arranging affairs	
s54028	in/among/within	<sung> and <uah> written as one word: in or among what belongs to several people, as {na lungsim sunguah}, in your hearts	
s54029	progress/way of progress/direction of development	<khantoh> and <lam> written as one word: the direction of progress, set against <kiamlam>, decline	
s54031	Zo speech/Zo language	the speech of the Zo people and their way of talking, usually paired with <Zopau>	
s54033	not want/be unwilling	<nop> and <kei> written as one word, after a verb: not want to do it; of a thing, not be pleasant	
s54034	lifetime/life	<nun>, life, and <sung>, during, written as one word: the time that a person lives, as {tomkal nunsung}, this short life	
s54035	forgiver/one who forgives	<maisak> with the male ending <pa> written as one word: the man who forgives, and after <na> or <i> also the man whom one forgives	
s54036	entirely/wholly/altogether	placed after a word to say that it holds in full and without exception, close to <vive>; after a number of years, the whole of that time	
s54037	we take	<i> and <la> written as one word: we take or we get; the same letters also stand for {in la}, and, after a command	
s54038	be angry with/resent/take offence at	<heh>, angry, with the ending {-san}, toward: be angry with a person, who is the object of the verb	
s54039	a little/slightly/somewhat	<tawm> with the ending {-a} written as one word, beside a verb: a little, to a small degree; after a verb in {ki-} the same letters are the particle <tawm.2> followed by <a>, and	
s54040	do not	<kei> and <in> written as one word, placed after a verb: as a command to one person, do not; the same as <kei-in>	
s54041	take on/take up/engage in	set to work on a matter and carry it forward, written beside <panlak>, take action; {mabun zia} is the way of going about it	
s54042	those in a line/those one after another	<diudeu> with the plural <te>, after a verb such as <kigual>, be lined up, or <kizom>, be joined: those that stand or follow one after another in a long line	
s54043	especially/in particular	<a>, <deuhdeuh> and <in> written as one word, placed before a noun after <leh>: and especially, above all	
s54045	oh/wow/ah	cry of surprise or delight at what one sees or hears	
s54046	detainee/arrested person/captive/hostage	<mi>, person, with <kiman>, be caught: a person who has been arrested or taken captive, in news of immigration arrests and of hostages	
s54047	Samarra	city in Iraq north of Baghdad, named in news of the war with the Islamic State	
s54048	free of charge/for nothing	<amawk> and <in> written as one word: without payment, free, said of software that can be had at no cost	
s54051	continually/all the time/keep on	placed after a verb in writing of the Zo and Paite kind: go on doing without stopping, remain so all the time	
s54052	expansion/colonization/colonialism	noun of <gamkek>: the taking and widening of territory, colonial rule, and also the spread of a work or a people into new ground	
s54053	passing/pass in an examination	noun of <ong>, pass an examination, in its form {on} with the ending {-na}: {tan 10 onna} is passing the tenth grade and {lai onna} is passing an examination	
s54054	we drink	<ih>, we, and <dawn>, drink, written as one word: we drink, what we drink	
s54055	contest again/run again/compete again	<dem>, compete, and <kik>, again, written as one word: stand in an election or enter a contest once more	
s54056	every day/daily/each day	<ni>, day, and <teng>, all, written as one word: every day; after the names of weekdays, on each of those days	
s54057	manage to send/be able to remit	<khak>, send, and <zo>, be able to, written as one word: succeed in sending, most often money sent home to the family	
s54058	household/family members/kin of the house	<bangkua> with the plural <te>: the members of a household and its circle of kin; {innteek bangkuate} is the householder and family, to whom a gift for the bereaved is handed	
s54059	those who set out/those starting from	<kipan>, begin, with the plural <te>: those who set about doing something, and after <pan> or <tawh> those that start or come from a place or point	
s54061	books of the word/gospels	<thubu> with the plural <te>; {Lungdamna thubute} are the Gospels, the four books of the good news	
s54062	earlier/a while before/before	<den>, a while ago, with <lam>: the time shortly before, most often as {a denlam}	
s54063	Titiwangsa	district of Kuala Lumpur, Malaysia, with a monorail station of the same name	
s54064	disagreement/discord/disunity	<kithutuak>, agree, with <lohna>, written as one word: the state of not agreeing with one another, in a household, a marriage or a group	
s54065	steadily/straight on/persistently	placed after a verb: keeping straight on with it and not turning aside, as in {hanciam vitvet}, strive on steadily	
s54066	pumpkin leaf/pumpkin leaves	<mai>, pumpkin, with <teh>, leaf: the leaves of the pumpkin plant, cooked and eaten as a dish with rice	
s54067	use much/make heavy use of	<hah>, earnestly, and <zat>, use, written as one word: use a thing a great deal or by preference	
s54069	surrounding/enclosing/hedging in	{hung}, close in round a person or place so as to guard or to shut in, with <in>: surrounding, all round	
s54070	while working/while serving	<sep>, work, and <kawm>, while, written as one word, usually followed by <in>: while working at something or serving as something	
s54071	not easy/difficult/hard	<a> and <baihlo> written as one word: not easy, a thing that is hard to do	
s54072	not turn back/no turning back	<nungkik>, turn back, and <lo>, not, written as one word: go on without retreating	
s54073	heart/inmost heart	the middle of the body as the seat of feeling; {laitang na} is feel pain at heart, be deeply grieved or hurt	
s54074	discipleship/becoming a disciple/making disciples	<nungzui>, disciple, and <suahna>, becoming, written as one word: becoming or being made a disciple of Christ	
s54075	under the rule of/under the control of	<khutnuai> and <ah> written as one word: under the hand of someone, in his power	
s54077	be able to stand/can stand	<ding>, stand, and <thei>, able, written as one word: be able to stand, as a candidate, a government or an organisation	
s54078	tusk/fang/sting	<ha>, tooth, in a compound: the long projecting tooth of a boar or other animal, and in a figure the sting of death or evil	
s54081	ebook/electronic book	a book in electronic form, read on a screen	
s54082	agreeing together/in agreement	<kithukim>, agree together, with the linking suffix <in>: having agreed with one another, by common consent	
s54083	be settled/be made definite/be decided	<a> and <kiciat>, be definite, written as one word: of a matter, be settled or clearly defined	
s54084	group mail/mailing list/email group	an email group through which the members of a community send messages to all	
s54085	not know/cannot/unknown	<theih> and <lohpi> written as one word: after <ka>, I do not know or I cannot at all, and before a noun, that is not known	
s54086	set out at once/go immediately	<kuan>, set out, and <pah>, at once, written as one word	
s54087	conflict/clash/be at odds/contradict	said with <ki> as {ki elpuak}: of persons, views or laws, be opposed to one another, be in conflict	
s54088	lie of the land/slope/topography	the way the ground lies and slopes, the natural shape of the land	
s54089	each have/each hold	<neih>, have or hold, and <tek>, each, written as one word: each one has, each one holds	
s54090	will visit/coming visit	<ong>, here another spelling of <hong>, and <zinding> written as one word: will come on a visit, or the one who is to come on a visit	
s54091	love letter	a letter written to a sweetheart, <zawl> with <lai>; {zawllai khak} is send a love letter	
s54092	Geylang	a district of Singapore, named in the news in the names of its roads	
s54093	care for others/inclusiveness/protectiveness	<huaisiam> with the noun suffix <na>: the quality of gathering people in and caring for them	
s54094	skilled singers/good singers	<lasa>, singer, and <siamte>, skilled ones, written as one word	
s54095	when one dies/at death	<sih>, die, and <teh>, when, written as one word: when someone dies	
s54096	Hindus	the English plural of <Hindu> used in Zolai sentences, often followed by <te> or <mite>	
s54097	ask further/ask in addition	<dot>, ask, with the ending {-beh}, in addition: ask more questions about something	
s54098	I hope	<kong> and the first part of <lamen>, hope, written as one word and apart from the rest of the verb: {konglam en hi} is I hope this for you	
s54099	door side/doorway	<kong>, door, with <lam>, direction: the side where the door is	
s54100	utterance/speech/words spoken	word of songs and poetry: what a person says or sings out, the voice heard	
s54101	Leisenzo	a village in the Champhai area of Mizoram, India, near the border with Chin State	
s54102	Tualcheng	a village in the Champhai area of Mizoram, India	
s54103	endless/inexhaustible/never ending	<beithei>, can come to an end, and <lo>, not, written as one word: that cannot run out or end	
s54104	day of joy/day of celebration/festive day	<lungdam>, joy, and <ni>, day, written as one word	
s54105	protect/defend/guard	<a> and <huu>, protect, written as one word: the one who protects, often paired with <akeem>, the one who looks after	
s54106	unity/harmony/bond	<kihual>, be knit together, with the noun suffix <na>: the state of being bound up with one another	
s54107	my shop/our shop	<ka>, my, and <sai>, shop or stall, written as one word; with <uh>, our shop	
s54108	Zo valley/valleys of the Zo country	the valleys of the Zo hill country, <kuam> valley; mostly in songs and descriptions of the land	
s54109	be heartened/be reassured/take heart	<khamuang>, be heartened, with the prefix <ki>: people feel encouraged and secure because of someone or something	
s54110	about/here and there/on and on	expressive word placed after a verb: the action goes on freely, here and there or again and again, as in {vaak leihleih}, roam about	
s54111	be distributed/be given out/be issued	form of <kihawmkhia> used before a following word such as <ni> or <zawhna>	
s54112	usage/way it is used	<zatzia>, way of using, with the prefix <ki>: the way in which a word or a thing is used	
s54113	Gawsing	a Zomi village in the Tedim area of Chin State	
s54114	Murlen	the name of Murlen, a village in the Champhai area of Mizoram, with <ah> written as one word: at Murlen, to Murlen	
s54115	unclothed/naked/without clothes	<puansilh>, put on clothes, and <lo>, not, written as one word: wearing no clothes	
s54116	be collected/be raised	passive of <khon>, collect: of money or goods, be collected from people for a purpose	
s54117	rice beer/traditional beer	<zu>, beer, with <pi>, great: the traditional rice beer of the Zomi, drunk at the feasts of the old religion; also explained as {zozu}	
s54118	within the people/among the nation	<minam>, people, and <sung>, in, written as one word: the inside of a people or nation	
s54119	trishaw/sidecar/cycle rickshaw	a bicycle with a sidecar that carries passengers for hire, common in the towns of Myanmar	
s54120	hunt/fish/go fishing	<beng>, hunt or fish, and the linking <a> written as one word: {nga benga pai} is go fishing	
s54121	clap/slap	<beng>, strike with the open hand, and the linking <a> written as one word: {khut benga} is clapping the hands	
s54122	Kanyan	name of an early people of Myanmar, named beside the Pyu and the Thet in accounts of the origin of the peoples	
s54123	quite long/rather long	of time, quite long, a good while; compare <sawtsimsim>	
s54124	Sunthla	a village near Falam in Chin State	
s54125	finish translating/have translated	<tei>, translate, and <khin>, already, written as one word: the translation is completed	
s54126	speed/quickness/swiftness	<manlang>, quick, with the noun suffix <na>	
s54128	be founded/be established	<aki> and <saat> written as one word, a spelling of {a kisat}: of a village or town, that was founded	
s54129	time when one can/time to be able	<theih>, be able, and <hun>, time, written as one word, after a verb: the time when it can be done	
s54130	come in/enter	<ong>, here a spelling of <hong>, and <luut> written as one word: come in, enter a country or a group from outside	
s54131	young men's dormitory/bachelors' house	the house of a Mizo village where the young unmarried men gather and sleep, the same as the Zomi <sawm>; also used as the name of Mizo halls and centres	
s54132	about/around/roughly	doubled form of <kim>: after a number or a time of day, roughly that, as in {zan kimkim}, around the middle of the night, and {sun kimkim}, around midday	
s54133	keep thinking oneself/pretend to be	<kisak>, consider oneself, said with a doubled ending: go on taking oneself to be something, as in {khangno ka kisaksak leh}, though I keep thinking myself young	
s54134	be played/be sung	<kisak>, be sung, with the causative <sak>: of a song or an anthem, be made to sound, be played	
s54135	not be at all/be by no means	<hi>, be, and <vetlo>, not at all, written as one word: is not so at all	
s54136	we not be/our not being	<i>, we, and <hihloh>, not be, written as one word: that we are not, used before words such as <hangin>, <ding> and <nangin>	
s54137	youngest child/youngest/last-born	<nautum>, the youngest child, with <pen>, most: the very youngest of the brothers and sisters	
s54138	express/give	<na>, you, and <ko>, express, written as one word after <lungdam>: {lungdam nako un} is give thanks, said to several people	
s54139	scold/berate/insult	the particle <na> written together with <ko>, here shout at or scold: scolded, called someone bad names	
s54140	not run/not flee	<tai>, run or flee, and <lo>, not, written as one word; of a vehicle, not run	
s54141	lull/sing to	word of songs and poetry: sing softly, lull a child to sleep; {nau-oih la} is a lullaby, a cradle song	
s54142	Corinthians/Corinth	the church of Corinth, <Korin>, and the two letters of Paul to it in the Bible, {Kawlentu masa} and {Kawlentu nihna}; the form of the name taken from the Burmese Bible	
s54143	is it not/not	<lo>, not, and the question word <maw> written as one word at the end of a sentence: is it not so, does one not	
s54144	really hurt/be painful indeed	<na>, hurt, and the emphatic <mah> written as one word: it does hurt; other uses of the spelling, as in {kici liang namah-a}, are not covered	
s54146	Thanlon	town and subdivision in Churachandpur, Lamka, District of Manipur in India	
s54147	surrounding/covering/besetting	<bawm>, surround, with the linking <in>: closing in on or covering something from all sides, and; in {seng leh bawmin} it is the noun basket with <in>, by basket	
s54148	small stream/brook/streamlet	<lui>, stream, with <no>, little: a small stream, set against <luipi>, a river	
s54149	successfully/making progress	<mazang>, make progress, with the linking <in>: getting ahead, with good progress, said of work, study and life	
s54150	physicist	a scientist who works in physics	
s54152	bean dish	a strong-smelling village food that is fried in oil with fish paste and eaten with maize as daily food; probably a preparation of beans, the exact dish is not determined	
s54153	worth following/worthy to be followed	<zuih>, follow, with <tak>, worthy of: fit to be followed or obeyed, often with <sa>, as in {zuihtak sa}, consider worth following	
s54154	Punjabi	the people of the Punjab in India and Pakistan, and their language	
s54156	puri	Indian bread fried in deep oil, named beside {roti}	
s54157	Munich	city in the south of <Germany>	
s54159	not last/not be enough	<khom>, last or be enough for, and <lo>, not, written as one word: not last through a length of time	
s54160	you eat	<na>, you, and <neek>, the form of eat used before <ding>, <theih> and <zawh>, written as one word	
s54161	ogre/giant	a fearsome man-eating being of folk tales, named together with ghosts such as {Khuasia Meide}; also said of the giant of European tales	
s54162	also toward/also in the area of/also in the field of	<lamah>, in the direction or matter of, and <zong>, also, written as one word after a noun	
s54163	each feel/all find	<sa>, feel or find, and <tek>, each, written as one word after a describing word: every one finds it so, as in {lamdang satek}, all are surprised	
s54164	on and on/continually/steadily	placed after a verb, it shows the action going on steadily or again and again, as in {aawn dengdeng}, keep rocking; not the verb <deng>, throw at	
s54165	refuse/reject/deny	<na> and <nial>, refuse, written as one word: with the particle <na> of a past event, refused; with <na>, you, you refuse or deny	
s54166	use more/use rather	<zat>, use, and <zaw>, more, written as one word, often after <tam> or <lim>: use more, use for the greater part	
s54167	have just reached/have now reached	<phakhin>, have reached, with <pan>, just now: after a number of years of age, is now that old	
s54168	can carry/be able to carry	<pua>, carry, and <thei>, able, written as one word; with <ki> before it, can be carried or taken along	
s54169	no longer be the same/no longer be alike	<kibang>, be the same, and <nawnlo>, no longer, written as one word	
s54170	come only then/begin to come	<pai>, come or go, with <pat>, begin: start coming, come only at that point; seen in one notice, {nong paipat a leh}, if you come only then	
s54171	Batam	island of <Indonesia> that lies close to <Singapore>	
s54173	in the month of/in	<kha>, month, with the marker <in>, written as one word after the name of a month: in that month	
s54174	be about to die/nearly die/be dying	<si>, die, and <dektak>, almost, written as one word: at the point of death	
s54175	all this/all such things	<hihbang>, like this, and <teng>, all, written as one word: all of these things, all such things, often before <hangin>, <ziak> or <tawh>	
s54176	young maternal uncle/maternal kinsman	<pu>, a man of the mother's family, with <no>, young: a younger maternal uncle or a young man of the mother's kin	
s54177	village post/tual pillar	<song>, a post, set up at the <tual>, the sacred open ground in the middle of a village: a post of hard wood or a standing stone of the old Zo religion	
s54178	price/cost/fee	the price paid for buying something, from <lei>, buy, and <man>, price: the cost of an insurance or a service; an old record also uses it for a tax paid from the land	
s54179	in the plains/to the plains	<zanggam>, the plains, and <ah>, in or to, written as one word	
s54180	city/big town	a large town or city, the same as <khuapi>, from Burmese myo, town, with <pi>, great; also said of city ways and manners	
s54181	not pull/not draw/not come	<kai> and <lo> written as one word: not pull or draw; of piped water, not come; of a blessing or a result, not bring it	
s54182	ferment/brew/steep	leave grain, beans or leaves to ferment for some days, as in making <zu>, beer	
s54183	dove	word of songs and poetry for <vahui>, the dove, whose cooing stands for longing	
s54184	every week/weekly	<kaal>, week, with <sim>, every: every week, often followed by <in>	
s54185	discussion/deliberation/consultation	noun from {kikupnawi}, talk a matter over back and forth: a discussion or a meeting held to discuss, close to <kikupna>	
s54186	clash/fight each other	fight one another, said of armies, peoples and parties that come to blows	
s54187	eight times	<giat>, eight, and <vei>, time, written as one word: eight times; after <a>, the eighth time	
s54189	developing country/country that develops	<gam>, country, and <khang>, grow, written as one word and followed by <to>, up: {gamkhang to} is the country develops or a developed country, the same as <gamkhangto>	
s54190	indifference/neglect/disregard	<awlmawh>, heed, and <lohna>, not doing, written as one word: not caring about a person or a matter	
s54191	again/back	<kiik>, a spelling of <kik>, again, and <ding>, will or to, written as one word after a verb: to do again, will do again	
s54192	to listen/will listen	<ngai>, listen, and <ding>, will or to, written as one word: to listen, will listen; in a few sentences <ngai> is love or long for	
s54193	own place/respective place	<a> and <muntek> written as one word: each one's own place, mostly before <ah>, each in their own place	
s54194	mohinga/fish noodle soup	the Burmese dish of rice noodles in fish soup, eaten in the morning	
s54195	Kaptel	village of Tedim township in the Chin Hills, also written Kaptel, and its people in the old wars	
s54197	forget/one who forgets	<a> and <mangngilh> written as one word: he or she forgets, the one who forgets	
s54198	matriculation	the school-leaving examination and the standing of one who has passed it, said with <zo>, pass	
s54199	preliminary examination/prelims	the first stage of the civil service examination in India	
s54200	this year/in this year	<tukum>, this year, and <in> written as one word	
s54201	before getting/before receiving	<ngah>, get, and <ma>, before, written as one word: before getting, often followed by <in> or <panin>	
s54202	I begin/I serve	<ka> and <pan> written as one word: I or we begin; in {ma kapan}, I take the lead or serve in a post	
s54204	free/free of charge	first part of {akhawn khong}, a split spelling of <a> with <khawnkhong>: free, without payment; not used alone	
s54205	smooth/fine/silky	smooth and fine to the touch or in grain, the opposite of coarse; the same spelling is also met for March and for <mat>, seize	
s54206	just/simply	<lel>, merely, and <ta>, now, written as one word after a verb: simply do it, just go on and do it	
s54207	when about to/at the approach of	<kuan> and <teh> written as one word after a verb or noun: when it is about to happen, as it draws near, as in {kitel kuanteh}, when an election is coming	
s54208	mid-sky/mid-air	<van>, sky, and <laizang>, middle, written as one word: the middle of the sky, high in the air	
s54209	half/the other half/part	<a> and <phel> written as one word: a half or part of it; {aphel lang} is the other half	
s54210	dare not	<ngam>, dare, spelled without its first letter, and <lo>, not, written as one word after a verb: not dare to	
s54211	one another/and one	<le>, and, and <khat>, one, written as one word: {khat lekhat} is one another, each other; at the end of a number, and one	
s54212	toward him/his side	<ama>, he or she, and <lam>, direction or side, written as one word: toward him or her, on his or her side	
s54213	every year/yearly/annual	<kum>, year, and <sima>, every, written as one word: every year; before a verb or noun, yearly	
s54214	distress/helplessness/hardship	noun from <cimawh>: the state of being helpless and in need	
s54215	embassies/embassy	the English plural used in Zolai news for the embassies of foreign countries	
s54216	gongs	plural of <zam>, gong; also met as part of personal names	
s54217	Suangsuang	a rock or height in the Tedim area, remembered as the place where a Meitei war commander was shot	
s54218	the government	<kumpi>, government, and the subject marker <in> written as one word: the government as the one that acts, often written with a final apostrophe	
s54219	goodness/how good/quality	<hoih> and <zia> written as one word: how good something is, the way in which it is good	
s54220	opposite hill/hill across	the hill or ridge on the far side, facing the place spoken of	
s54221	poised/at the ready/cocked	<keek>, draw a bow, with <sa>, already: drawn and set to go off, said of a set trap and of people who stand ready to act or are on edge	
s54222	firefly/lightning bug	a small flying insect that gives off light in the dark	
s54223	have grown/have grown up	<lian>, big, with the particle <ta>, now or already, written as one word: has become big, has grown up; also met as a personal name	
s54224	distributor/server/deliverer	<hawm>, distribute, with <pa>, man: the man who gives out or shares out something, as {zu hawmpa}, the man who serves the drink, and {laikhak hawmpa}, postman	
s54225	day of abstention/rest day/fast day	<tan>, abstain, with <ni>, day: a day kept by custom on which people do not go to work in the fields, or with <an> a day of fasting	
s54226	fulfill/complete/supply	<a> and <kicingsak> written as one word: to fulfill or supply it, or the one who fulfills	
s54227	English/English language/English writing	<mikaang>, the British, and <lai>, writing, written as one word: the English language as written and as a school subject	
s54228	remember us/remember me/remind	<ong>, a spelling of <hong>, toward the speaker, written as one word with <phawk>: remember us or me; with <sak> after it, remind us	
s54229	old age/seniority/age	being old or older in years, often as {kum upatna}, and the standing that comes with it	
s54230	Panglong	town in Shan State of Myanmar where the agreement of 12 February 1947 between Aung San and the leaders of the hill peoples was signed	
s54231	exploitation/profiteering	<meet>, profit, <dawh>, draw out, and the noun ending {-na}: making use of others unfairly for one's own gain	
s54232	ours/for us	<ei>, we, and <a>, belonging to, written as one word: ours, what belongs to us; {eia dingin} is for us	
s54233	you come	<nong>, you toward the speaker, and <pai> written as one word: you come to me or to us	
s54235	kept on/held close	expressive word placed after a verb of wearing, holding or carrying: with the thing kept on the body or held against it	
s54236	continually/on and on/time after time	<to>, onward, and <zeel>, repeatedly, written as one word after a verb: the action goes on being done as time passes	
s54237	crosswise/horizontal/breadth	<phei>, across, with <lam>, direction: the direction from side to side, set against <tunglam>, the upright direction	
s54238	combining/bringing together	<gawmtuah> and the linking <in> written as one word: putting things or people together and then doing what follows	
s54239	star	word of songs and poetry for <aksi>, star	
s54240	serious illness/great pain	<nat>, be ill or hurt, with the augmentative <pi>: a severe sickness or pain, set against {natneu}, a slight one; {natpi takin} is grievously	
s54241	it does not matter/no problem/never mind	<poi>, matter, and <lo>, not, written as one word: it does not matter, there is no harm in it	
s54242	again/in turn	<leuleu>, again or in turn, and <in> written as one word: placed after a verb or after the subject, and then again, others in their turn	
s54243	be wrapped/be clothed in/be packed	<tuun>, wrap, with the prefix <ki>: be wrapped in cloth or a cover; of a message, be clothed in a culture or packed into a text	
s54244	division/splitting up/factionalism	<kikhenthang>, be divided, written with a long vowel, with the noun ending {-na}: the splitting of a people or a church into separate groups	
s54245	middle ground/neutral position/mediation	<thu>, matter, with <lai>, middle: the middle of a matter between two sides; {thulai la} is keep to the middle without leaning to a side and {thulai gen} is mediate	
s54246	post hewers	those who cut and set up the <song>, the post planted for a feast of merit, and who receive a share of the meat and drink for it	
s54247	feast post/sacrificial post	the <song>, post, planted in the courtyard for a <tonh> feast, at which the mithun is killed	
s54248	bladder/animal bladder	the bladder of a slaughtered animal, which is blown up like a balloon; {saphuk bul} and {saphuk zom} are names of positions among the kin who receive shares at a feast	
s54249	postage stamp/stamp	the stamp stuck on a letter to pay for its posting	
s54250	plank floor/floorboards	the floor of laid planks of a house and its veranda, named in songs together with the house as what a family owns	
s54251	pound/attack heavily/bombard	word of war news: strike a place or an enemy hard and without letting up, with bombs, guns or aircraft	
s54252	set of gongs/gong set	<dak>, gong, with <bu>, set: a set of three tuned gongs played together at feasts	
s54253	livelihood/earning a living	<nek>, eat, with <zon>, seek: finding what one needs to eat, making a living; {nekzon zia} is the way of making a living	
s54254	great waterfall/large waterfall	<zeu>, falling water as in <tuizeu>, with the augmentative <pi>: a big waterfall	
s54256	evidence/proof	something shown that makes a claim sure, a word some writers explain with English evidence; {lahsil kician} is clear evidence	
s54257	whatever one wants/all one likes	<uut>, want, a spelling of <ut>, with <teng>, all: everything that one wants or feels like; {a-uutteng} is also all those who want	
s54258	foot of a tree/tree base	<sing>, tree, with <phung>, foot or base: the foot of a tree, the place under it	
s54259	fee/tuition fee/attendance fee	<kah>, attend, with <man>, price: the fee for going to a school, a class or a hospital, as {sang kahman}, school fees, and {zato kahman}, hospital fees	
s54261	readiness/casualness	<ziauziau> with the noun ending <na>, after a verb: the doing of it readily, lightly or without much thought.	
s54262	be wanted/want	<ut> with the prefix <ki>: it is wanted, people want it.	
s54263	be unequal/unequal	<kikim> and <loh> written as one word: not being equal, not the same in amount.	
s54264	hard work/toil/labour		
s54266	anyone/whoever/everyone	<mi> and <peuh> written as one word: any person, whoever does so.	
s54267	your brothers and sisters/your siblings	<na> and <sanggamte> written as one word: your brothers and sisters.	
s54269	laws/statutes		
s54270	meet/come together/converge	Used with <ki>: to arrive and meet at one place.	
s54271	admire/long for/covet	To look at with longing: to admire, or to desire what is seen.	
s54272	if not yet	<naikei> and <leh> written as one word after a verb: if it has not yet been done.	
s54273	karate	The Japanese martial art.	
s54274	between/among	<kikal> and <ah> written as one word, with a long vowel: in the space between, among.	
s54275	strive/endeavour/attempt	<hanciam> and <sawm> written as one word: to set out to try hard to do something.	
s54277	aims/objectives/goals	Plural of <tup> as a noun, mostly in the pair {ngimna leh tupte}, aims and objectives.	
s54278	Hmar people/the Hmar	The Hmar, a kindred people living in southern Manipur and northern Mizoram.	
s54279	Germantown	A place name in the United States: a district of Philadelphia, and a town in Maryland.	
s54280	album/music album	The English plural, used in Zolai for one or more recorded music albums.	
s54281	water pipe/pipe/conduit		
s54282	Philka	The place where the Phil stream joins another stream, named as a boundary point in the Tedim area.	
s54283	his teaching/what he taught	<a> and <hilhna> written as one word: his teaching, his explaining of something.	
s54284	Bonuai	A town quarter, {Bonuai veng}, named in a description of where the Vaiphei quarter lies.	
s54285	certainly not/not at all	<buang> and <lo> written as one word after a verb, a strong denial in speech: certainly not.	
s54286	tassel/mane	A hanging tuft: a tassel, as on a graduation cap {lukhu neelkaai}, or the mane of a lion.	
s54287	car/vehicle	Car or vehicle, a Hindi word used by Zomi in India.	
s54288	be broken off/have a gap/gap	Not joining on: to be interrupted or discontinuous, or a gap between two things.	
s54289	attending school/studying	<sangkah> and <in> written as one word: attending school, and, or in order to study.	
s54290	unite/associate/join together	To be together as one group, often with <ki>.	
s54291	our word/our matter	<i> and <thu> written as one word: our word or matter, often before <ngetna>, our prayer.	
s54293	settled resident/original settler	one who has long been settled in a place and holds land there, in {tualteek tang}, to settle as a resident; also listed among the traditional offices of a village	
s54294	discuss together/confer/deliberate	discuss a matter together with others; also as a noun, a meeting held to discuss, a conference	
s54295	you return/you go home	<na> and <ciah> written as one word: you return, you go home	
s54296	calendar/reckoning of days	the counting of days, a calendar of days, beside {khasimna} for months and {kumsimna} for years	
s54298	horizontal/sideways/lateral	going or lying across, level, as against {to pai}, going up, and {suk pai}, going down	
s54299	announcement/notice/notification	a making known, an announcement given to people or to an organisation	
s54300	truthful/honest/right	<a> and <thumaan> written as one word: who is truthful, the honest one, what is right	
s54301	Tikrit	a city in Iraq	
s54302	be seen clearly/see oneself clearly/realise	be seen or understood clearly; of a person, come to see oneself as one really is	
s54303	be startled/be roused/take fright	be suddenly disturbed or woken, of animals take fright and scatter	
s54304	programme/schedule/programme planning	the planning of the time and order of an event, the programme so planned, from <hun> and <geel>; also as a verb, to plan the programme	
s54305	reach/attain	<a> and <phaak> written as one word, <phaak> being here the verb to reach and not the disease: on reaching, when it reaches, mostly of an age as in {kum 30 aphaak}	
s54306	Zofate/Zo people	a name from the Mizo language, children of Zo, used for the Zo peoples as a whole, mainly by those of India and Bangladesh	
s54307	be able to understand/be understood/understand oneself	be able to understand oneself or one another, or be able to be understood	
s54308	back pain/lower back pain/backache	pain of the waist and lower back, from <kawng> and <na>, pain; also as a verb, have a backache	
s54309	while being/while staying	<om> and <laitakin> written as one word: while being, at the time when one is so	
s54310	within the household/household	<bangkua> and <sung> written as one word: in the household, the inside of the family circle	
s54311	male side/male line	the side of the men, the male line of a family, paired with <numeilam>, the female side, in the sharing of meat and the giving of names	
s54312	highest authority/the one in charge/supreme	the one who has the most authority, {thunei}, having authority, with the superlative <pen>	
s54313	community/local group	a local community, the people of one place as a group, from <tual> and <pawl>; a recent term that writers gloss with English community	
s54314	be sociable/get along well	be good at keeping company and getting along with people	
s54315	Skype	an internet service for voice and video calls	
s54316	we take/we receive	<i> and <lak> written as one word, with <lak> as the form of the verb to take: we take, what we took	
s54317	among us/our midst	<i> and <lak> written as one word: among us, in our midst, mostly as {ilak ah}	
s54318	Bristol	a city in England	
s54319	have already played/have already recorded	<tum> and <khin> written as one word: have already played, in interviews of music albums and videos already made	
s54320	your church/your congregation	<na> and <pawlpi> written as one word: your church	
s54321	he looks/look at	<a> and <en> written as one word: he looks, she looks at, the one who looks	
s54322	distance/remoteness	the distance between two places or times, the state of being far apart	
s54323	basket of meat	in the marriage custom, the meat that the family taking the bride carries in a basket, <seng>, to the family of the bride; its covering blanket is the {saseng siin}	
s54324	be lazy/be slack/lose heart	be lazy or become unwilling to make the effort, said of people in general or of a group	
s54325	birth/newborn/baby born	a child that is born, and the births of a country counted together, as in {naupiang tawm}, few births	
s54326	easy road/good road	<lam> and <nuam> written as one word: a pleasant, easy road, as against a rough one	
s54327	want to build	<lam> and <nuam> written as one word, with <lam> as the verb to build: want to build	
s54328	keep arguing/keep quarrelling/bicker	argue with one another again and again, the repeated form of <kisel>	
s54329	oppression/ill-treatment	the act of oppressing or the state of being oppressed and treated cruelly	
s54330	Taakzang	a place and village quarter in the Tedim area of Chin State, the site to which the people of <Sezang> moved in 1904	
s54331	publication/periodical/distribution of papers	the giving out of a paper or magazine and the paper itself, <laihawm> with the noun ending {-na}	
s54332	repentance	the second part of <kisikkikna>, repentance, when it is written as two words, {ki sikkikna}; it does not occur without <ki> before it	
s54333	Zilom	a Zomi clan, written after a personal name to say which clan the person belongs to	
s54334	Pyin Oo Lwin/Maymyo	a town near Mandalay in Myanmar known for its military schools, the same town as <Maymyo>	
s54335	dare to buy/be willing to buy/afford	<lei>, buy, and <ngam>, dare, written as one word: be ready to pay the price for something, often a high price	
s54336	plucking again and again/pulling out one after another	<bot>, pull out, said twice with the linking ending {-in}: pulling out again and again, as feathers or hair	
s54337	sergeant	the rank of sergeant in an army or a uniformed service, the rank with three stripes, above {sannih}, corporal	
s54338	lion	a large wild cat, explained in one article as <humpi>; also the name of the animal in a folk tale	
s54339	pastor's circuit/pastoral area	the group of villages or churches under one pastor, <sia>, teacher or pastor, with <khawk>, section; also in the names of church bodies	
s54341	sturdy/well-built/strong	full of bodily strength, of sturdy build	
s54342	Sukzo Bawmkhai	a Zomi clan, given as the clan of persons in Zomipedia	
s54343	Tamdeng	a Zomi village, given as the home village of persons in Zomipedia	
s54344	Thangkaai Suangpi	a Zomi village, given as the home village of persons in Zomipedia	
s54345	Zangzawl	a Zomi village, given as the home village of persons in Zomipedia	
