id	spelling	status
w25000	liatkhit	1
w25001	liatluat	1
w25002	liatluatna	1
w25003	liatna	1
w25004	liatnate	1
w25005	liatnateng	1
w25006	liatsak	1
w25007	liatsakna	1
w25008	liattheih	1
w25009	liatzawk	1
w25010	liatzawkna	1
w25011	liau	1
w25012	liausak	1
w25013	liausakding	1
w25014	liausakthei	1
w25015	liausum	1
w25016	liausumding	1
w25017	liautuak	1
w25018	Liberal	1
w25019	Libia	1
w25020	Libnab	1
w25021	Libnah	1
w25022	Libnath	1
w25023	Libni	1
w25024	Libya	1
w25025	Licence	1
w25026	license	1
w25027	Licia	1
w25028	Lidda	1
w25029	Lidia	1
w25030	lieng	1
w25031	Lieutenant	1
w25032	lifestyle	1
w25033	Lift	1
w25034	lihleh	1
w25035	lii	1
w25036	lii-ah	1
w25037	liik	1
w25038	liikto	1
w25039	liim	1
w25040	liimah	1
w25041	liimlangh	1
w25042	liimnuai	1
w25043	liimsun	1
w25044	liimsunin	1
w25045	liimte	1
w25046	liin	1
w25047	liing	1
w25048	liinga	1
w25049	liingcipin	1
w25050	liinggawp	1
w25051	liingin	1
w25052	liinglawng	1
w25053	liingliing	1
w25054	liingsa	1
w25055	liingsa-in	1
w25056	liingsak	1
w25057	liingsakpa	1
w25058	liinna	1
w25059	lik	1
w25060	Likaonia	1
w25061	like	1
w25062	Likhi	1
w25063	likkhia	1
w25064	likkhiat	1
w25065	likkhiatsak	1
w25066	liklek	1
w25067	likliak	1
w25068	liknelh	1
w25069	likngam	1
w25070	likto	1
w25071	liliai	1
w25072	Lillehammar	1
w25073	lim	1
w25074	lima	1
w25075	limah	1
w25076	Limbang	1
w25077	limbawl	1
w25078	limbawlna	1
w25079	limbu	1
w25080	limci	1
w25081	limcipen	1
w25082	limcipente	1
w25083	limcite	1
w25084	limcizaw	1
w25085	limdiak	1
w25086	limdik	1
w25087	limet	1
w25088	limetlua	1
w25089	limgelh	1
w25090	limgen	1
w25091	limhoih	1
w25092	limin	1
w25093	limit	1
w25094	limkansan	1
w25095	limkat	1
w25096	limkep	1
w25097	Limkhai	1
w25098	limkhap	1
w25099	limkiat	1
w25100	limkiatlua	1
w25101	limla	1
w25102	limlah	1
w25103	limlahna	1
w25104	limlak	1
w25105	limlakna	1
w25106	limlang	1
w25107	limlangah	1
w25108	limlangh	1
w25109	limlangte	1
w25110	limlemel	1
w25111	limliam	1
w25112	limliap	1
w25113	limlim	1
w25114	limlim phot	1
w25115	limlimin	1
w25116	limlimpen	1
w25117	limlimte	1
w25118	limlo	1
w25119	limmahmah	1
w25120	limmuh	1
w25121	limna	1
w25122	limnap	1
w25123	limnawk	1
w25124	limnawkkhak	1
w25125	limneih	1
w25126	limnek	1
w25127	limnono	1
w25128	limnuai	1
w25129	limpen	1
w25130	limpeuh	1
w25131	limpha	1
w25132	limphatakin	1
w25133	limphutkhak	1
w25134	limpiak	1
w25135	Limpu	1
w25136	limsa	1
w25137	limsap	1
w25138	limsep	1
w25139	limsiat	1
w25140	limsim	1
w25141	limsit	1
w25142	limsuai	1
w25143	limsuaih	1
w25144	limsuaih siam	1
w25145	limsuaihna	1
w25146	limtak	1
w25147	limtaka	1
w25148	limtakin	1
w25149	limtawh	1
w25150	limte	1
w25151	limtheih	1
w25152	limthuak	1
w25153	limtuamtuam	1
w25154	limun	1
w25155	limzak	1
w25156	limzat	1
w25157	limzatlua	1
w25158	limzatluat	1
w25159	limzatzaw	1
w25160	limzaw	1
w25161	limzon	1
w25162	limzong	1
w25163	lin	1
w25164	lina	1
w25165	Linas	1
w25166	line	1
w25167	ling	1
w25168	lingbulsum	1
w25169	lingbulsumte	1
w25170	lingcip	1
w25171	lingcipin	1
w25172	linggawp	1
w25173	linggawpin	1
w25174	linghiam	1
w25175	lingin	1
w25176	lingkawmin	1
w25177	lingkik	1
w25178	lingkung	1
w25179	lingkungah	1
w25180	lingkungte	1
w25181	linglak	1
w25182	linglawn	1
w25183	linglawn'sak	1
w25184	linglawng	1
w25185	linglawngsak	1
w25186	linglawnsak	1
w25187	lingleng	1
w25188	lingliang	1
w25189	lingling	1
w25190	linglingsak	1
w25191	linglom	1
w25192	lingnei	1
w25193	lingpaak	1
w25194	lingpak	1
w25195	lingpakte	1
w25196	lingsa	1
w25197	lingsa-in	1
w25198	lingsak	1
w25199	lingsakgawp	1
w25200	lingsakkik	1
w25201	lingsi	1
w25202	lingte	1
w25203	Lingthuk	1
w25204	Lingtui	1
w25205	lingvom	1
w25206	Linhu	1
w25207	lini	1
w25208	link	1
w25209	linlian	1
w25210	linlianin	1
w25211	linliante	1
w25212	linna	1
w25213	linnate	1
w25214	linnliann	1
w25215	linsakgawp	1
w25216	lip	1
w25217	lipi	1
w25218	lipkhap	1
w25219	lipkhaphuai	1
w25220	Lipkhaphuai	1
w25221	lipkhapna	1
w25222	lipneite	1
w25223	lipte	1
w25224	Lisanias	1
w25225	Lisbon	1
w25226	Lisias	1
w25227	list	1
w25228	Listra	1
w25229	Lisu	1
w25230	lisuah	1
w25231	lite	1
w25232	liten	1
w25233	Liter	1
w25234	Lithuania	1
w25235	litlet	1
w25236	litlit	1
w25237	litre	1
w25238	liuleu	1
w25239	liuliau	1
w25240	Live	1
w25241	livei	1
w25242	liveina	1
w25243	Liverpool	1
w25244	Liyo	1
w25245	lo	1
w25246	Lo	1
w25247	lo-a	1
w25248	lo-ah	1
w25249	lo-in	1
w25250	lo-ruhamah	1
w25251	Lo-ruhamah	1
w25252	loa	1
w25253	Loammi	1
w25254	loan	1
w25255	Lobby	1
w25256	lobuang	1
w25257	lobuk	1
w25258	locing	1
w25259	locingpa	1
w25260	lockdown	1
w25261	lockup	1
w25262	Locom	1
w25263	Lod	1
w25264	Lodebar	1
w25265	lodia	1
w25266	lodiam	1
w25267	loding	1
w25268	lodinga	1
w25269	lodingin	1
w25270	logam	1
w25271	logamte	1
w25272	login	1
w25273	Logo	1
w25274	loh	1
w25275	loh aphamawh	1
w25276	loh hangin	1
w25277	loh nadingin	1
w25278	loh nadingun	1
w25279	loh phamawh	1
w25280	lohbuang	1
w25281	lohciang	1
w25282	lohciangin	1
w25283	lohding	1
w25284	lohdingin	1
w25285	lohhang	1
w25286	lohhangin	1
w25287	lohi	1
w25288	lohiam	1
w25289	lohin	1
w25290	lohing	1
w25291	lohkhit	1
w25292	lohkik	1
w25293	lohkikding	1
w25294	lohkikna	1
w25295	lohkikzo	1
w25296	lohlam	1
w25297	lohman	1
w25298	lohna	1
w25299	lohna dingin	1
w25300	lohna dingun	1
w25301	lohna hangin	1
w25302	lohnading	1
w25303	lohnadingin	1
w25304	lohnang	1
w25305	lohnapi	1
w25306	lohnapi-ah	1
w25307	lohnate	1
w25308	lohngal	1
w25309	lohon	1
w25310	lohongte	1
w25311	lohpi	1
w25312	lohpipi	1
w25313	lohsak	1
w25314	lohsakzo	1
w25315	lohte	1
w25316	lohteh	1
w25317	lohteng	1
w25318	lohun	1
w25319	lohzawh	1
w25320	lohzo	1
w25321	Loikaw	1
w25322	loin	1
w25323	Loipang	1
w25324	Lois	1
w25325	lok	1
w25326	lokgawp	1
w25327	lokha	1
w25328	lokhawh	1
w25329	lokhawhna	1
w25330	lokho	1
w25331	lokhomi	1
w25332	lokhopa	1
w25333	lokhote	1
w25334	Lokhote ni	1
w25335	lokhul	1
w25336	lokhul-in	1
w25337	lokhulin	1
w25338	lokin	1
w25339	lokuan	1
w25340	lokung	1
w25341	lokzo	1
w25342	lol	1
w25343	lolai	1
w25344	lolai-ah	1
w25345	lolaite	1
w25346	lolam	1
w25347	lolua	1
w25348	lolum	1
w25349	lolzaw	1
w25350	lom	1
w25351	loma	1
w25352	Lombok	1
w25353	lomcip	1
w25354	lomhen	1
w25355	lomin	1
w25356	lomkhat	1
w25357	lomkhatin	1
w25358	lomlawhna	1
w25359	lomlawhna min	1
w25360	lomlom	1
w25361	lomlomin	1
w25362	lompi	1
w25363	lomtangin	1
w25364	lomtangte	1
w25365	lomtat	1
w25366	lomte	1
w25367	lona	1
w25368	lonamsia	1
w25369	lonawl	1
w25370	Lonbo	1
w25371	London	1
w25372	lonei	1
w25373	long	1
w25374	longal	1
w25375	Longat	1
w25376	Longchaui	1
w25377	longeek	1
w25378	longeekte	1
w25379	longkhia	1
w25380	Longlang	1
w25381	lonkhia	1
w25382	lono	1
w25383	lonona	1
w25384	lononate	1
w25385	lononte	1
w25386	lop	1
w25387	lopa	1
w25388	lopah	1
w25389	lopakungte	1
w25390	lopan	1
w25391	lopano	1
w25392	lopate	1
w25393	lopawi	1
w25394	lopen	1
w25395	Lophei	1
w25396	lopi	1
w25397	lopi-in	1
w25398	lopipi	1
w25399	lopite	1
w25400	lopna	1
w25401	lopthop	1
w25402	Lorry	1
w25403	Loruhamah	1
w25404	losak	1
w25405	losan	1
w25406	losap	1
w25407	losapte	1
w25408	Losau	1
w25409	losia	1
w25410	losiah	1
w25411	losiang	1
w25412	lot	1
w25413	Lot	1
w25414	Lotan	1
w25415	Lotaw	1
w25416	lotawh	1
w25417	Lotdaw	1
w25418	lote	1
w25419	lotebel	1
w25420	loteng	1
w25421	lotgawpte	1
w25422	lothak	1
w25423	lothang	1
w25424	lothangkang	1
w25425	lothangsan	1
w25426	Lotharawn	1
w25427	lothei	1
w25428	lotion	1
w25429	lotkhiat	1
w25430	lotna	1
w25431	lotngah	1
w25432	lotphei	1
w25433	lotsak	1
w25434	lotsuk	1
w25435	lotte	1
w25436	Lottery	1
w25437	lotthal	1
w25438	loudspeaker	1
w25439	Louisiana	1
w25440	Louisville	1
w25441	lovai	1
w25442	lovegift	1
w25443	Lower Kheng	1
w25444	lozaw	1
w25445	lozong	1
w25446	lu	1
w25447	lua	1
w25448	lua lawmlawm	1
w25449	luading	1
w25450	luah	1
w25451	luah'ng	1
w25452	luahin	1
w25453	luahkhawm	1
w25454	luahkhawmsak	1
w25455	luahkhin	1
w25456	luahkik	1
w25457	Luahlang	1
w25458	luahna	1
w25459	luahnate	1
w25460	luahpah	1
w25461	luahpih	1
w25462	luahsa	1
w25463	luahsak	1
w25464	luahsuk	1
w25465	luahte	1
w25466	luahto	1
w25467	luahuai	1
w25468	luahzo	1
w25469	luai	1
w25470	luai-ah	1
w25471	luailuai	1
w25472	luaisak	1
w25473	luaisung	1
w25474	luak	1
w25475	luakei	1
w25476	luakha	1
w25477	luakhia	1
w25478	luakhiakik	1
w25479	luakhollo	1
w25480	luakkhia	1
w25481	luakkhiat	1
w25482	luakna	1
w25483	luaksuahhuai	1
w25484	luaksuak	1
w25485	lualai	1
w25486	lualiang	1
w25487	lualo	1
w25488	lualua	1
w25489	luamahmah	1
w25490	luan	1
w25491	luang	1
w25492	luanga	1
w25493	Luangel	1
w25494	luanggawp	1
w25495	luanghawm	1
w25496	luanghawmpen	1
w25497	luanghawmte	1
w25498	luangin	1
w25499	luangkhaam	1
w25500	luangkham	1
w25501	luangkhamliang	1
w25502	luangkhat	1
w25503	luangkhawm	1
w25504	luangkheng	1
w25505	luangkhia	1
w25506	luangkhiagawp	1
w25507	luangkhiasak	1
w25508	luangkhiate	1
w25509	luangkik	1
w25510	luangkikin	1
w25511	luanglai	1
w25512	luanglet	1
w25513	luangliang	1
w25514	luanglua	1
w25515	luangluang	1
w25516	luangluangin	1
w25517	luangnih	1
w25518	luangphamna	1
w25519	luangsak	1
w25520	luangsakgawp	1
w25521	luangsakin	1
w25522	luangsuk	1
w25523	luangsukin	1
w25524	luangsukte	1
w25525	luangte	1
w25526	luangthei	1
w25527	luanhun	1
w25528	luanin	1
w25529	luankhi	1
w25530	luankhiat	1
w25531	luankhiatna	1
w25532	luankik	1
w25533	luanna	1
w25534	luannate	1
w25535	luansak	1
w25536	luantheihna	1
w25537	luanzia	1
w25538	luanziate	1
w25539	luapi	1
w25540	luat	1
w25541	luata	1
w25542	luatding	1
w25543	luate	1
w25544	luatkhia	1
w25545	luatleh	1
w25546	luatloh	1
w25547	luatluat	1
w25548	luatman	1
w25549	luatna	1
w25550	luatnate	1
w25551	luatuanlo	1
w25552	luazen	1
w25553	lubawk	1
w25554	Lucifer	1
w25555	Lud	1
w25556	ludam	1
w25557	ludamna	1
w25558	Luggage	1
w25559	luguh	1
w25560	luh	1
w25561	luha	1
w25562	luheek	1
w25563	luheekdan	1
w25564	luheekna	1
w25565	luhek	1
w25566	luhekna	1
w25567	luhekzia	1
w25568	luhgawp	1
w25569	luhgawpin	1
w25570	luhgawpte	1
w25571	luhgawpzo	1
w25572	luhin	1
w25573	luhinna	1
w25574	Luhith	1
w25575	luhkhawm	1
w25576	luhkhia	1
w25577	luhkik	1
w25578	luhna	1
w25579	luhngei	1
w25580	Luhphaw	1
w25581	luhsak	1
w25582	Luhtaing	1
w25583	luhzo	1
w25584	lui	1
w25585	Lui	1
w25586	luiding	1
w25587	luidingte	1
w25588	luidung	1
w25589	luidungteng	1
w25590	luigal	1
w25591	luigei	1
w25592	luihawm	1
w25593	luikhia	1
w25594	luiliante	1
w25595	luilua	1
w25596	luiluata	1
w25597	luilui	1
w25598	luimaw	1
w25599	luimu	1
w25600	luina	1
w25601	luineu	1
w25602	luipa	1
w25603	luipang	1
w25604	luipi	1
w25605	Luipi	1
w25606	luisa	1
w25607	luisak	1
w25608	luisate	1
w25609	luisuak	1
w25610	luisung	1
w25611	luita	1
w25612	luitaw	1
w25613	luite	1
w25614	Luite	1
w25615	Luite-ah	1
w25616	luiteng	1
w25617	luitui	1
w25618	luituite	1
w25619	Luivang	1
w25620	luk	1
w25621	Luka	1
w25622	lukham	1
w25623	lukhamin	1
w25624	lukhu	1
w25625	lukhung	1
w25626	lukhunga	1
w25627	lukhungah	1
w25628	lukhungsa	1
w25629	lukhute	1
w25630	Lukias	1
w25631	lukolh	1
w25632	lukolhpa	1
w25633	luktheih	1
w25634	lukun	1
w25635	lulam	1
w25636	Lulpilung	1
w25637	lum	1
w25638	luma	1
w25639	lumbaih	1
w25640	Lumbang	1
w25641	lumcip	1
w25642	lumcipsak	1
w25643	lumgol	1
w25644	lumin	1
w25645	lumkhawm	1
w25646	lumkhawmin	1
w25647	lumkhawmsa	1
w25648	lumkhop	1
w25649	lumkik	1
w25650	lumlai	1
w25651	lumleh	1
w25652	lumlet	1
w25653	lumletgawp	1
w25654	lumletin	1
w25655	lumletlian	1
w25656	lumletsak	1
w25657	lumletzo	1
w25658	lumlua	1
w25659	lumlum	1
w25660	lummahmah	1
w25661	lumna	1
w25662	lumneu	1
w25663	lumneute	1
w25664	lumpa	1
w25665	lumpah	1
w25666	lumpi	1
w25667	lumsa	1
w25668	lumsak	1
w25669	lumsuak	1
w25670	lumsuang	1
w25671	lumsuk	1
w25672	lumsukin	1
w25673	lumsuksakin	1
w25674	lumta	1
w25675	lumte	1
w25676	Lumte	1
w25677	Lumut	1
w25678	Lumzang	1
w25679	lun	1
w25680	luna	1
w25681	lunatna	1
w25682	Lunch	1
w25683	lung	1
w25684	lung-amsak	1
w25685	lungam	1
w25686	lungamsak	1
w25687	lungbuai	1
w25688	lungdahna	1
w25689	lungdaihna	1
w25690	lungdam	1
w25691	Lungdam	1
w25692	lungdam ing	1
w25693	lungdam kipak	1
w25694	lungdambawl	1
w25695	Lungdambawlni	1
w25696	lungdamh	1
w25697	lungdamhang	1
w25698	lungdamhuai	1
w25699	lungdamin	1
w25700	lungdamko	1
w25701	lungdamkoh	1
w25702	Lungdamkoh Ni	1
w25703	lungdamkohna	1
w25704	lungdamlo	1
w25705	lungdamlua	1
w25706	lungdamna	1
w25707	Lungdamna	1
w25708	lungdamna gospel	1
w25709	lungdamna iko	1
w25710	lungdamna kiciamteh	1
w25711	lungdamna lian	1
w25712	lungdamnate	1
w25713	lungdamnathu	1
w25714	lungdampah	1
w25715	lungdampen	1
w25716	lungdampih	1
w25717	lungdampihna	1
w25718	lungdamsa	1
w25719	lungdamsak	1
w25720	lungdamsakkik	1
w25721	lungdamsakna	1
w25722	lungdamsakpa	1
w25723	lungdamsakte	1
w25724	lungdamtak	1
w25725	lungdamtakin	1
w25726	lungdamte	1
w25727	lungdamthu	1
w25728	lungdamun	1
w25729	lungdamzaw	1
w25730	Lungdaw	1
w25731	lungdeih	1
w25732	Lungding	1
w25733	Lungdu	1
w25734	lungduai	1
w25735	lungduaina	1
w25736	lungduaisak	1
w25737	lungduaitak	1
w25738	lungduaitakin	1
w25739	lungduaite	1
w25740	lungduaizo	1
w25741	lunggai	1
w25742	lunggam	1
w25743	lunggelna	1
w25744	lunggim	1
w25745	lunggimhuai	1
w25746	lunggimin	1
w25747	lunggimlelh	1
w25748	lunggimna	1
w25749	Lunggimna	1
w25750	lunggimnate	1
w25751	lunggimpih	1
w25752	lunggimsak	1
w25753	lunggimzaw	1
w25754	lunggul	1
w25755	lunggulh	1
w25756	lunggulhgulh	1
w25757	lunggulhhuai	1
w25758	lunggulhin	1
w25759	lunggulhna	1
w25760	lunggulhnatawh	1
w25761	lunggulhnate	1
w25762	lunggulhpen	1
w25763	lunggulhte	1
w25764	lunggulhtek	1
w25765	lungham	1
w25766	lunghamin	1
w25767	lunghamna	1
w25768	Lunghau	1
w25769	lunghi	1
w25770	lunghian	1
w25771	lunghiang	1
w25772	lunghianglo	1
w25773	lunghianna	1
w25774	lunghih	1
w25775	lunghihmawh	1
w25776	lunghihmawhhuai	1
w25777	lunghihmawhin	1
w25778	lunghihmawhna	1
w25779	lunghihmawhnate	1
w25780	lunghihmawhpih	1
w25781	lunghihmawhsak	1
w25782	lunghimawh	1
w25783	lunghimawhhuai	1
w25784	lunghimawhin	1
w25785	lunghimawhna	1
w25786	lunghimawhpih	1
w25787	lunghimawhsak	1
w25788	Lunghnam	1
w25789	Lunghrawh	1
w25790	lungka	1
w25791	Lungka	1
w25792	lungkawi	1
w25793	lungkawi-a	1
w25794	lungkham	1
w25795	lungkhamhuai	1
w25796	lungkhamin	1
w25797	lungkhamlua	1
w25798	lungkhamna	1
w25799	Lungkhamna	1
w25800	lungkhamnate	1
w25801	lungkhampihin	1
w25802	lungkhamsak	1
w25803	lungkhamsakna	1
w25804	lungkhamsakpa	1
w25805	lungkhamsakte	1
w25806	lungkhamte	1
w25807	lungkhauh	1
w25808	lungkhauhin	1
w25809	lungkhauhna	1
w25810	lungkhauhnate	1
w25811	lungkhauhsak	1
w25812	lungkheel	1
w25813	Lungkhin	1
w25814	lungkhuah	1
w25815	lungkia	1
w25816	lungkia ken	1
w25817	lungkia thanem	1
w25818	lungkiagawp	1
w25819	lungkialo	1
w25820	lungkianai	1
w25821	lungkiasak	1
w25822	lungkiasakin	1
w25823	lungkiat	1
w25824	lungkiat natna	1
w25825	lungkiathuai	1
w25826	lungkiatloh	1
w25827	lungkiatna	1
w25828	lungkiattuak	1
w25829	lungkihual	1
w25830	lungkim	1
w25831	lungkimhuai	1
w25832	lungkimin	1
w25833	lungkimlo	1
w25834	lungkimloh	1
w25835	lungkimlohna	1
w25836	lungkimna	1
w25837	lungkimpih	1
w25838	lungkimsak	1
w25839	lungkimsakin	1
w25840	lungkimsakna	1
w25841	lungkimtak	1
w25842	lungkimtakin	1
w25843	lungkimte	1
w25844	lungkimthei	1
w25845	lungkimzo	1
w25846	lungkip	1
w25847	lungkipin	1
w25848	lungkipna	1
w25849	lungkipsak	1
w25850	lunglau	1
w25851	lungleeng	1
w25852	Lunglei	1
w25853	lunglen	1
w25854	lunglen khuangaih la	1
w25855	lungleng	1
w25856	lunglenhuai	1
w25857	lunglenna	1
w25858	Lungler	1
w25859	lungli	1
w25860	lunglut	1
w25861	lunglut huai	1
w25862	lungluthuai	1
w25863	lunglutna	1
w25864	lungluttak	1
w25865	lunglutte	1
w25866	lunglutzaw	1
w25867	lunglutzawkzawk	1
w25868	lungluut	1
w25869	lungman	1
w25870	lungmang	1
w25871	Lungmang	1
w25872	lungmangin	1
w25873	lungmangsak	1
w25874	lungmanhuai	1
w25875	lungmanna	1
w25876	lungmawl	1
w25877	lungme	1
w25878	lungmee	1
w25879	lungmuan	1
w25880	lungmuang	1
w25881	lungmuanga	1
w25882	lungmuangin	1
w25883	lungmuangsak	1
w25884	lungmuangtak	1
w25885	lungmuangtakin	1
w25886	lungmuangte	1
w25887	lungmuanhuai	1
w25888	lungmuanhuaina	1
w25889	lungmuanhuaisak	1
w25890	lungmuanna	1
w25891	lungmuannate	1
w25892	lungmuansak	1
w25893	lungneemna	1
w25894	lungnem	1
w25895	lungnemin	1
w25896	lungnemna	1
w25897	lungnemnate	1
w25898	lungnemsak	1
w25899	lungnemte	1
w25900	lungnemzaw	1
w25901	lungneu	1
w25902	lungneuna	1
w25903	lungneusak	1
w25904	lungngai	1
w25905	Lungngai	1
w25906	lungngaih	1
w25907	lungngaihna	1
w25908	lungngaihngaih	1
w25909	lungngaingai	1
w25910	Lungngo	1
w25911	lungngulh	1
w25912	lungngulhna	1
w25913	lungniam	1
w25914	Lungniamkhiat	1
w25915	lungniamkhiatna	1
w25916	lungniamsakte	1
w25917	lungno	1
w25918	lungnop	1
w25919	lungnophuai	1
w25920	lungnoplohna	1
w25921	lungnopmawhna	1
w25922	lungnopmawhsak	1
w25923	lungnopna	1
w25924	lungnopnate	1
w25925	lungnopsak	1
w25926	lungnote	1
w25927	lungnoza	1
w25928	lungnuam	1
w25929	lungnuamin	1
w25930	lungnuamlo	1
w25931	lungnuamsak	1
w25932	lungnuamtak	1
w25933	Lungpang	1
w25934	lungphamawh	1
w25935	lungphatmawhna	1
w25936	Lungphialia	1
w25937	lungpho	1
w25938	lungphona	1
w25939	lungphona kinei	1
w25940	lungphona nei	1
w25941	lungphonate	1
w25942	lungphote	1
w25943	Lungpi	1
w25944	lungpil	1
w25945	Lungpil	1
w25946	lungpilna	1
w25947	lungpilte	1
w25948	lungput	1
w25949	Lungrang	1
w25950	Lungring	1
w25951	Lungsawi	1
w25952	Lungseing	1
w25953	lungsi	1
w25954	lungsiangtho	1
w25955	lungsim	1
w25956	Lungsim	1
w25957	lungsim cidam	1
w25958	lungsim cidamna	1
w25959	lungsim gimna	1
w25960	lungsim meima	1
w25961	lungsim ngaihsutna	1
w25962	lungsim puak	1
w25963	lungsim pumpi	1
w25964	lungsim siangtho	1
w25965	lungsim sukha	1
w25966	lungsim takpi	1
w25967	lungsima	1
w25968	lungsimah	1
w25969	lungsimhoih	1
w25970	lungsimin	1
w25971	lungsimkawi	1
w25972	lungsimkhem	1
w25973	lungsimkhempeuh	1
w25974	lungsimlam	1
w25975	lungsimmawl	1
w25976	lungsimna	1
w25977	lungsimnatna	1
w25978	lungsimnem	1
w25979	lungsimniam	1
w25980	lungsimpha	1
w25981	lungsimpuak	1
w25982	lungsimpuakzia	1
w25983	lungsimsia	1
w25984	lungsimsung	1
w25985	lungsimsungah	1
w25986	lungsimtak	1
w25987	lungsimtakpi	1
w25988	lungsimtawh	1
w25989	lungsimtawng	1
w25990	lungsimte	1
w25991	lungsimthu	1
w25992	lungsimuh	1
w25993	lungsimzah	1
w25994	lungso	1
w25995	lungsona	1
w25996	lungsosa	1
w25997	Lungsu-loisan	1
w25998	lungsung	1
w25999	lungsungah	1
w26000	lungtai	1
w26001	lungtaii	1
w26002	lungtaina	1
w26003	Lungtak	1
w26004	lungtang	1
w26005	lungtangah	1
w26006	lungtangin	1
w26007	lungtangna	1
w26008	lungtangnat	1
w26009	lungtangnatna	1
w26010	lungtangpan	1
w26011	lungtangte	1
w26012	Lungtar	1
w26013	lungtho	1
w26014	Lungthul	1
w26015	Lungtlang	1
w26016	lungtom	1
w26017	lungtomin	1
w26018	lungtomna	1
w26019	lungtuak	1
w26020	Lungtum	1
w26021	lungtungzo	1
w26022	lungtup	1
w26023	lungtupna	1
w26024	lunguh	1
w26025	lungulh	1
w26026	lungulhna	1
w26027	lungvei	1
w26028	Lungzarh	1
w26029	Lungziin	1
w26030	lungzin	1
w26031	lungzing	1
w26032	lungzing-a	1
w26033	lungzinga	1
w26034	Lungzingin	1
w26035	lungzingsak	1
w26036	lungzinhuai	1
w26037	lungzinna	1
w26038	lungzuan	1
w26039	lungzuang	1
w26040	lungzuangin	1
w26041	lungzuanhuai	1
w26042	lungzuanla	1
w26043	Lunkhel	1
w26044	Lunkim	1
w26045	lunmang	1
w26046	Lunmual	1
w26047	Lunmun	1
w26048	lunsim	1
w26049	lunzia	1
w26050	lup	1
w26051	lupding	1
w26052	lupeisan	1
w26053	luphun	1
w26054	lupkhawm	1
w26055	lupkhit	1
w26056	lupkhitna	1
w26057	lupkhop	1
w26058	lupkhopding	1
w26059	lupkhopna	1
w26060	lupkhoppih	1
w26061	lupkuan	1
w26062	luplam	1
w26063	luplup	1
w26064	lupma	1
w26065	lupmun	1
w26066	lupna	1
w26067	lupna inndei	1
w26068	lupnading	1
w26069	lupnakhan	1
w26070	lupnasung	1
w26071	lupnate	1
w26072	lupnatung	1
w26073	lupphah	1
w26074	luppih	1
w26075	luppihin	1
w26076	luppihna	1
w26077	lupsa	1
w26078	lupsan	1
w26079	luptheih	1
w26080	Lusei	1
w26081	Luseite	1
w26082	Lushai	1
w26083	Lushei	1
w26084	Lusias	1
w26085	lusu	1
w26086	lusuk	1
w26087	lusukna	1
w26088	lususu	1
w26089	lut	1
w26090	lutang	1
w26091	Lutang	1
w26092	lutang nat	1
w26093	lutanga	1
w26094	Lutangguh	1
w26095	lutangin	1
w26096	lutangna	1
w26097	lutangpi	1
w26098	lutangte	1
w26099	lutcil	1
w26100	lutding	1
w26101	lutdingin	1
w26102	lute	1
w26103	lutgawp	1
w26104	Lutheran	1
w26105	lutin	1
w26106	luting	1
w26107	lutkawikawi	1
w26108	lutkha	1
w26109	lutkhawm	1
w26110	lutkhin	1
w26111	lutkhit	1
w26112	lutkhuan	1
w26113	lutkik	1
w26114	lutkikin	1
w26115	lutkul	1
w26116	lutlah	1
w26117	lutlaitak	1
w26118	lutlam	1
w26119	lutleh	1
w26120	lutlo	1
w26121	lutloh	1
w26122	lutlut	1
w26123	lutma	1
w26124	lutman	1
w26125	lutmasa	1
w26126	lutna	1
w26127	lutnading	1
w26128	lutnailo	1
w26129	lutngam	1
w26130	lutnop	1
w26131	lutnuam	1
w26132	lutnuamte	1
w26133	lutol	1
w26134	lutolte	1
w26135	lutpa	1
w26136	lutpah	1
w26137	lutphei	1
w26138	lutpih	1
w26139	lutpihding	1
w26140	lutpihsawm	1
w26141	lutsa	1
w26142	lutsak	1
w26143	lutsakding	1
w26144	lutsaklo	1
w26145	lutsakloding	1
w26146	lutsakloh	1
w26147	lutsaklohding	1
w26148	lutsate	1
w26149	lutsawm	1
w26150	lutsim	1
w26151	lutsuak	1
w26152	lutsuk	1
w26153	lutsukin	1
w26154	lutsukpah	1
w26155	lutte	1
w26156	lutthak	1
w26157	lutthakna	1
w26158	lutthei	1
w26159	luttheih	1
w26160	luttheihloding	1
w26161	luttheihna	1
w26162	luttheihnading	1
w26163	luttheilo	1
w26164	lutto	1
w26165	lutuam	1
w26166	lutuk	1
w26167	lutung	1
w26168	lutunga	1
w26169	lutungah	1
w26170	lutzawh	1
w26171	lutzo	1
w26172	luui	1
w26173	luum	1
w26174	luumsak	1
w26175	luup	1
w26176	luut	1
w26177	luvai	1
w26178	luvum	1
w26179	Luxembourg	1
w26180	Luz	1
w26181	luzang	1
w26182	luzepnate	1
w26183	Lwedup	1
w26184	Lydda	1
w26185	Lydia	1
w26186	Lysanias	1
w26187	Lysia	1
w26188	Lysias	1
w26189	Lystra	1
w26190	LZI	1
w26191	ma	1
w26192	Ma	1
w26193	ma apang	1
w26194	Ma Htang	1
w26195	ma kipang	1
w26196	ma'n	1
w26197	Ma-adai	1
w26198	Ma-adiah	1
w26199	ma-ah	1
w26200	ma-akah	1
w26201	Ma-akah	1
w26202	Ma-akahte	1
w26203	Ma-akath	1
w26204	Ma-aketh	1
w26205	ma-arath	1
w26206	Ma-asai	1
w26207	Ma-aseiah	1
w26208	Ma-asseiah	1
w26209	ma-aziah	1
w26210	Ma-aziah	1
w26211	ma-in	1
w26212	ma-kuakte	1
w26213	maa	1
w26214	Maadai	1
w26215	Maadiah	1
w26216	maai	1
w26217	Maai	1
w26218	maailam	1
w26219	maak	1
w26220	Maakah	1
w26221	maakai	1
w26222	maakaih	1
w26223	maakaihna	1
w26224	Maakath	1
w26225	maakhuai	1
w26226	maakna	1
w26227	maakpa	1
w26228	maaksuah	1
w26229	maaktuak	1
w26230	maal	1
w26231	maam	1
w26232	maan	1
w26233	maana	1
w26234	maang	1
w26235	maangin	1
w26236	maangkhawm	1
w26237	maangmu	1
w26238	maangmuh	1
w26239	maangmuhna	1
w26240	Maangmuhna	1
w26241	maangmuhnate	1
w26242	maangte	1
w26243	maanin	1
w26244	maanlian	1
w26245	maanlo	1
w26246	maanlohna	1
w26247	maanna	1
w26248	maanpen	1
w26249	Maansuang	1
w26250	maantak	1
w26251	maante	1
w26252	maanzaih	1
w26253	maap	1
w26254	maapai	1
w26255	maapang	1
w26256	Maarath	1
w26257	Maasai	1
w26258	Maaseiah	1
w26259	maasuan	1
w26260	Maath	1
w26261	maatutna	1
w26262	maavang	1
w26263	maavanna	1
w26264	Maaz	1
w26265	Maaziah	1
w26266	mabaan	1
w26267	maban	1
w26268	maban kizom	1
w26269	maban limci	1
w26270	maban zom	1
w26271	mabanciat	1
w26272	mabante	1
w26273	Macao	1
w26274	Macau	1
w26275	Macedonia	1
w26276	Machang	1
w26277	Machine	1
w26278	maciat	1
w26279	maciatin	1
w26280	Madai	1
w26281	Madalay	1
w26282	Madam	1
w26283	madam hun	1
w26284	madawk	1
w26285	madawkah	1
w26286	madawkin	1
w26287	madawkte	1
w26288	madeuh	1
w26289	madeuhin	1
w26290	Madhu	1
w26291	madiak	1
w26292	madiakin	1
w26293	Madmannah	1
w26294	Madmen	1
w26295	Madmenah	1
w26296	Madon	1
w26297	madong	1
w26298	Madras	1
w26299	Madrid	1
w26300	mafia	1
w26301	Magadan	1
w26302	Magazine	1
w26303	Magbish	1
w26304	Magdala	1
w26305	Magdalene	1
w26306	Magdiel	1
w26307	magi	1
w26308	magic	1
w26309	magnesium	1
w26310	Magnitude	1
w26311	Magog	1
w26312	Magpiash	1
w26313	Magway	1
w26314	Magwe	1
w26315	mah	1
w26316	mah bangun	1
w26317	mah taleh	1
w26318	mah tase	1
w26319	maha	1
w26320	mahaa	1
w26321	Mahadu	1
w26322	mahah	1
w26323	Mahalab	1
w26324	Mahalale	1
w26325	Mahalale-el	1
w26326	Mahalaleel	1
w26327	Mahalalel	1
w26328	Mahalate	1
w26329	Mahalath	1
w26330	Mahalelel	1
w26331	Mahanaim	1
w26332	Mahanasim	1
w26333	Mahanehdan	1
w26334	Maharai	1
w26335	Maharajah	1
w26336	Maharajalela	1
w26337	Mahath	1
w26338	Mahavah	1
w26339	Mahazioth	1
w26340	mahbang	1
w26341	mahbangin	1
w26342	mahbangun	1
w26343	mahbek	1
w26344	mahding	1
w26345	Mahershalahashbaz	1
w26346	Mahershalalhasbaz	1
w26347	mahhi	1
w26348	mahhiam	1
w26349	Mahil	1
w26350	mahin	1
w26351	mahinzong	1
w26352	Mahkahmah	1
w26353	Mahkamah	1
w26354	Mahlah	1
w26355	mahleh	1
w26356	mahlemah	1
w26357	mahleng	1
w26358	Mahli	1
w26359	mahlo	1
w26360	Mahlon	1
w26361	mahma	1
w26362	mahmah	1
w26363	mahmaha	1
w26364	mahmahah	1
w26365	mahmahden	1
w26366	mahmahding	1
w26367	mahmahhi	1
w26368	mahmahin	1
w26369	mahmahkhat	1
w26370	mahmahkhin	1
w26371	mahmahkhit	1
w26372	mahmahlai	1
w26373	mahmahlaitak	1
w26374	mahmahlam	1
w26375	mahmahleh	1
w26376	mahmahlel	1
w26377	mahmahliang	1
w26378	mahmahlo	1
w26379	mahmahmawk	1
w26380	mahmahna	1
w26381	mahmahpa	1
w26382	mahmahpah	1
w26383	mahmahpen	1
w26384	mahmahpi	1
w26385	mahmahpi-in	1
w26386	mahmahsa	1
w26387	mahmahsam	1
w26388	mahmahta	1
w26389	mahmahtawh	1
w26390	mahmahte	1
w26391	mahmahtek	1
w26392	mahmahthei	1
w26393	mahmahzel	1
w26394	mahmahzong	1
w26395	Mahol	1
w26396	mahpan	1
w26397	mahpeuh	1
w26398	Mahsahlah	1
w26399	Mahseiah	1
w26400	mahsi	1
w26401	mahta	1
w26402	mahtaleh	1
w26403	mahtase	1
w26404	mahtawh	1
w26405	mahteh	1
w26406	mahuh	1
w26407	mahun	1
w26408	Mahwahtah	1
w26409	mahzong	1
w26410	mai	1
w26411	mai-ah	1
w26412	mai-ahsiampi	1
w26413	maiah	1
w26414	Maiakah	1
w26415	Maibung	1
w26416	Maid	1
w26417	maidawng	1
w26418	maiding	1
w26419	maiet	1
w26420	maigual	1
w26421	maigui	1
w26422	maigum	1
w26423	maigumna	1
w26424	maigumsak	1
w26425	maihem	1
w26426	maihun	1
w26427	maikah	1
w26428	maikai	1
w26429	maikaite	1
w26430	maikal	1
w26431	maikalsung	1
w26432	maikha	1
w26433	maikhak	1
w26434	maikhat	1
w26435	maikhin	1
w26436	maikhin'na	1
w26437	maikhing	1
w26438	maikhingin	1
w26439	maikhingsak	1
w26440	maikhinna	1
w26441	maikum	1
w26442	maikumsung	1
w26443	maikun	1
w26444	maikunin	1
w26445	mail	1
w26446	mailam	1
w26447	mailam hun	1
w26448	mailam hun khit laitak	1
w26449	mailam hun khitphet	1
w26450	mailam hun khitphet laitak	1
w26451	mailam hun laitak	1
w26452	mailam hunpi	1
w26453	mailam kalsuan	1
w26454	Mailamah	1
w26455	mailamding	1
w26456	mailamhun	1
w26457	mailamthu	1
w26458	mailian	1
w26459	maim	1
w26460	maimai	1
w26461	maiman	1
w26462	maimang	1
w26463	maimangin	1
w26464	maimangpak	1
w26465	maimangsak	1
w26466	maimangta	1
w26467	maimankhak	1
w26468	maimanna	1
w26469	maimansak	1
w26470	maimawk	1
w26471	maimial	1
w26472	maimit	1
w26473	maimit sing	1
w26474	maimit suan	1
w26475	maimom	1
w26476	main	1
w26477	maina	1
w26478	mainawhin	1
w26479	mainawk	1
w26480	mainawkna	1
w26481	mainawkte	1
w26482	mainawt	1
w26483	mainawtding	1
w26484	mainawtin	1
w26485	mainawtna	1
w26486	mainawtsak	1
w26487	Mainawtzia	1
w26488	Maine	1
w26489	maineu	1
w26490	maingak	1
w26491	maingal	1
w26492	maingalsak	1
w26493	maingap	1
w26494	maingapna	1
w26495	maingat	1
w26496	maingatin	1
w26497	maingatsa	1
w26498	Maintenance	1
w26499	mainuh	1
w26500	mainul	1
w26501	Mainul	1
w26502	mainulna	1
w26503	mainulpi	1
w26504	maipai	1
w26505	maipha	1
w26506	maipha mu	1
w26507	maipha ngah	1
w26508	maiphatna	1
w26509	maiphiat	1
w26510	maiphut	1
w26511	maiphutkha	1
w26512	maiphutkhak	1
w26513	maipuak	1
w26514	maipuakzia	1
w26515	maipuk	1
w26516	maipukin	1
w26517	maipuksuk	1
w26518	maiput	1
w26519	maisa	1
w26520	maisak	1
w26521	maisakin	1
w26522	maisakleh	1
w26523	maisakna	1
w26524	maisaknop	1
w26525	maisaksa	1
w26526	maisakte	1
w26527	maisia	1
w26528	maisiangsak	1
w26529	maisiasak	1
w26530	maisiat	1
w26531	maisiatin	1
w26532	maisuah	1
w26533	maita	1
w26534	maitai	1
w26535	maitai takin	1
w26536	maitaii	1
w26537	maitaiina	1
w26538	maitaina	1
w26539	maitaisak	1
w26540	maitak	1
w26541	maitang	1
w26542	maitang kimu	1
w26543	maitang kituah	1
w26544	maitang kituah in	1
w26545	maitangah	1
w26546	maitangh	1
w26547	maitangte	1
w26548	maiteng	1
w26549	maithak	1
w26550	maithei	1
w26551	maitheih	1
w26552	maitheihna	1
w26553	maituah	1
w26554	maituahna	1
w26555	maituam	1
w26556	maituam thuah	1
w26557	maivil	1
w26558	maivun	1
w26559	maizum	1
w26560	maizumhuai	1
w26561	maizumhuaina	1
w26562	maizumin	1
w26563	maizumlawh	1
w26564	maizumna	1
w26565	maizumpi	1
w26566	maizumpih	1
w26567	maizumsak	1
w26568	Major	1
w26569	majority	1
w26570	mak	1
w26571	makaai	1
w26572	makaaite	1
w26573	Makahmah	1
w26574	makai	1
w26575	makaiding	1
w26576	makaih	1
w26577	makaihding	1
w26578	makaihin	1
w26579	makaihna	1
w26580	makaihna nuai	1
w26581	makaihoih	1
w26582	makaihpa	1
w26583	makaihsak	1
w26584	makaihsiam	1
w26585	makaihte	1
w26586	makaihzia	1
w26587	makaikhat	1
w26588	makailui	1
w26589	makaipa	1
w26590	makaipi	1
w26591	makaipinu	1
w26592	makaipipa	1
w26593	makaipite	1
w26594	makaisak	1
w26595	makaite	1
w26596	makaiten	1
w26597	makaiteng	1
w26598	makaithak	1
w26599	Makaz	1
w26600	Makbannai	1
w26601	Makbenah	1
w26602	Makedonia	1
w26603	makeng	1
w26604	makeup	1
w26605	Makhael	1
w26606	makhawm	1
w26607	makhelh	1
w26608	makhelhin	1
w26609	Makheloth	1
w26610	Makhi	1
w26611	Makhijah	1
w26612	Makhir	1
w26613	Makhiram	1
w26614	Makhirte	1
w26615	Makhishua	1
w26616	makiahna	1
w26617	Makkedah	1
w26618	makkhat	1
w26619	makna	1
w26620	Maknadebai	1
w26621	makpa	1
w26622	Makpelah	1
w26623	Makri	1
w26624	maksa	1
w26625	maksim	1
w26626	makte	1
w26627	Makte	1
w26628	maktheih	1
w26629	Maku	1
w26630	mal	1
w26631	Mala	1
w26632	Malaca	1
w26633	Malacca	1
w26634	Malachi	1
w26635	malak	1
w26636	Malakhi	1
w26637	malakna	1
w26638	malam	1
w26639	Malay	1
w26640	Malaysia	1
w26641	Malaysian	1
w26642	Malaysiate	1
w26643	maleep	1
w26644	malep	1
w26645	malgawm	1
w26646	malgol	1
w26647	Mali	1
w26648	malin	1
w26649	Malindo	1
w26650	Malkam	1
w26651	Malkhai	1
w26652	Malkhas	1
w26653	malkhat	1
w26654	malkhat zong	1
w26655	Malkhiah	1
w26656	Malkhiel	1
w26657	Malkhijah	1
w26658	Malkhiram	1
w26659	Malkhishua	1
w26660	Malkhus	1
w26661	malkim	1
w26662	Malkual	1
w26663	Mall	1
w26664	Mallothi	1
w26665	Malluk	1
w26666	Mallukhi	1
w26667	malmal	1
w26668	malneu	1
w26669	Malneu	1
w26670	malnih	1
w26671	Malsawm	1
w26672	malsimna	1
w26673	Malta	1
w26674	malte	1
w26675	malthum	1
w26676	Maluk	1
w26677	Malukhi	1
w26678	Maluri	1
w26679	malzah	1
w26680	malzah lak pianzia	1
w26681	mam	1
w26682	mama	1
w26683	mamah	1
w26684	Mamluk	1
w26685	Mamre	1
w26686	mamsak	1
w26687	mamsakkik	1
w26688	man	1
w26689	Man	1
w26690	man nei	1
w26691	man ngenlo	1
w26692	man ngenloin	1
w26693	man'suahsa	1
w26694	Man-a	1
w26695	man-unah	1
w26696	mana	1
w26697	manaa	1
w26698	Manaen	1
w26699	manage	1
w26700	Management	1
w26701	manager	1
w26702	manah	1
w26703	Manahath	1
w26704	Manaseeh	1
w26705	Manason	1
w26706	Manasseh	1
w26707	Manassehte	1
w26708	manawh	1
w26709	manawhin	1
w26710	manawt	1
w26711	manawtna	1
w26712	manbang	1
w26713	manbek	1
w26714	Manchester	1
w26715	manciang	1
w26716	manciangin	1
w26717	mancip	1
w26718	Mandalay	1
w26719	Mandalayte	1
w26720	Mandarin	1
w26721	mandat	1
w26722	manding	1
w26723	mandingin	1
w26724	Manean	1
w26725	manek	1
w26726	mang	1
w26727	Mang Yung	1
w26728	mangbang	1
w26729	mangbatna	1
w26730	mangbuh	1
w26731	Mangbuhci	1
w26732	mangbuhham	1
w26733	mangbuhhamte	1
w26734	mangbuhhum	1
w26735	mangbuhman	1
w26736	mangbuhmante	1
w26737	mangbuhnel	1
w26738	mangbuhte	1
w26739	mangbuhvui	1
w26740	mangbuhvuite	1
w26741	mangbuk	1
w26742	Mangbuk	1
w26743	mangcip	1
w26744	mangciplai	1
w26745	mangden	1
w26746	mangenlo	1
w26747	mangg	1
w26748	manggilh	1
w26749	manghilh	1
w26750	mangilh	1
w26751	mangin	1
w26752	manginn	1
w26753	Mangkaang	1
w26754	Mangkam	1
w26755	Mangkama	1
w26756	Mangkamin	1
w26757	Mangkang	1
w26758	mangkang kumpi	1
w26759	Mangkangte	1
w26760	mangkawlsing	1
w26761	mangkawlsingte	1
w26762	mangkha	1
w26763	mangkhawm	1
w26764	Mangkheng	1
w26765	mangkhiat	1
w26766	mangkhin	1
w26767	mangkik	1
w26768	mangkikin	1
w26769	mangkong	1
w26770	mangkuan	1
w26771	mangla	1
w26772	Manglai	1
w26773	manglang	1
w26774	manglian	1
w26775	mangliante	1
w26776	manglo	1
w26777	mangman	1
w26778	mangmanpa	1
w26779	mangmat	1
w26780	mangmatna	1
w26781	mangmatnate	1
w26782	mangmawh	1
w26783	mangmu	1
w26784	mangmuh	1
w26785	mangmuhna	1
w26786	mangmuhnate	1
w26787	mangna	1
w26788	mangngei	1
w26789	mangngil	1
w26790	mangngilh	1
w26791	mangngilhin	1
w26792	mangngilhkha	1
w26793	mangngilhlo	1
w26794	mangngilhloh	1
w26795	mangngilhna	1
w26796	mangngilhte	1
w26797	mangnu	1
w26798	mangnuam	1
w26799	mangnuamlo	1
w26800	mangpa	1
w26801	Mangpa	1
w26802	mangpah	1
w26803	mangpau	1
w26804	mangpha	1
w26805	mangpha khakna	1
w26806	mangpi	1
w26807	mangpipa	1
w26808	Mangpipa	1
w26809	mangpite	1
w26810	Mangpu	1
w26811	mangsa	1
w26812	mangsak	1
w26813	mangsakte	1
w26814	mangsan	1
w26815	Mangsan	1
w26816	mangsia	1
w26817	Mangson	1
w26818	mangta	1
w26819	mangte	1
w26820	mangten	1
w26821	mangthan	1
w26822	mangthang	1
w26823	mangthangcip	1
w26824	mangthangciplai	1
w26825	mangthangin	1
w26826	mangthanglo	1
w26827	mangthangpak	1
w26828	mangthangsak	1
w26829	mangthangte	1
w26830	mangthei	1
w26831	Mangtong	1
w26832	Mangvuk	1
w26833	Mangvung	1
w26834	mangza	1
w26835	mangza-ah	1
w26836	mangzaw	1
w26837	mangziau	1
w26838	mangzo	1
w26839	Mangzong	1
w26840	mangzote	1
w26841	manh	1
w26842	Manhattan	1
w26843	manhi	1
w26844	Manila	1
w26845	manin	1
w26846	maninah	1
w26847	Manipur	1
w26848	Manjung	1
w26849	mankang	1
w26850	mankei	1
w26851	mankeileh	1
w26852	mankha	1
w26853	mankhalo	1
w26854	mankhawm	1
w26855	mankhia	1
w26856	mankhiakhin	1
w26857	mankhiakik	1
w26858	mankhiapah	1
w26859	mankhiata	1
w26860	mankhiathei	1
w26861	mankhiazo	1
w26862	mankhin	1
w26863	mankhinta	1
w26864	mankhit	1
w26865	mankik	1
w26866	mankikpah	1
w26867	mankim	1
w26868	manlaang	1
w26869	manlah	1
w26870	manlahin	1
w26871	manlahna	1
w26872	manlahpih	1
w26873	manlan	1
w26874	manlang	1
w26875	manlang thei	1
w26876	manlang theithei	1
w26877	manlangin	1
w26878	manlanglua	1
w26879	manlangtak	1
w26880	manlangte	1
w26881	manlangtuam	1
w26882	manlangzaw	1
w26883	manleh	1
w26884	manlo	1
w26885	manlo liangin	1
w26886	manloh	1
w26887	manlohna	1
w26888	manlote	1
w26889	Manlun	1
w26890	manmah	1
w26891	manmahmah	1
w26892	manman	1
w26893	manmanin	1
w26894	mann	1
w26895	manna	1
w26896	mannailo	1
w26897	mannawnlo	1
w26898	mannei	1
w26899	manneiding	1
w26900	manneihna	1
w26901	manneikim	1
w26902	manneilo	1
w26903	mannin	1
w26904	mannop	1
w26905	mannuam	1
w26906	Manoah	1
w26907	manpa	1
w26908	manpah	1
w26909	manpha	1
w26910	manphalo	1
w26911	manphapen	1
w26912	manphasak	1
w26913	manphat	1
w26914	manphate	1
w26915	manphateng	1
w26916	manphatna	1
w26917	manphatnate	1
w26918	manphatzia	1
w26919	manphazaw	1
w26920	manphei	1
w26921	manphot	1
w26922	mansa	1
w26923	mansa-in	1
w26924	mansak	1
w26925	mansakin	1
w26926	mansakna	1
w26927	mansang	1
w26928	Mansi	1
w26929	mansiang	1
w26930	mansiangding	1
w26931	mansiangpan	1
w26932	mansiangthei	1
w26933	mansuah	1
w26934	mansuahsa	1
w26935	mansuak	1
w26936	mansuakpah	1
w26937	Mansuang	1
w26938	manta	1
w26939	mantak	1
w26940	mantakin	1
w26941	mantaklo	1
w26942	mantakpi	1
w26943	mantaktak	1
w26944	Mantalaing	1
w26945	mantam	1
w26946	mante	1
w26947	manteh	1
w26948	manthan	1
w26949	manthanna	1
w26950	manthansak	1
w26951	manthei	1
w26952	mantheih	1
w26953	mantheipah	1
w26954	mantheipan	1
w26955	Mantuang	1
w26956	manuh	1
w26957	manun	1
w26958	manunah	1
w26959	manzah	1
w26960	manzaih	1
w26961	manzaihna	1
w26962	manzaw	1
w26963	manzawk	1
w26964	manzelzel	1
w26965	manzo	1
w26966	manzong	1
w26967	Maok	1
w26968	Maon	1
w26969	Maori	1
w26970	map	1
w26971	mapai	1
w26972	mapaisak	1
w26973	mapan	1
w26974	mapang	1
w26975	mapangin	1
w26976	mapangkhawm	1
w26977	mapangpi	1
w26978	mapangte	1
w26979	mapankhop	1
w26980	mapankhopna	1
w26981	mapanna	1
w26982	mapannate	1
w26983	mapanpih	1
w26984	mapanzia	1
w26985	mapek	1
w26986	mapekin	1
w26987	mapeuh	1
w26988	mapi	1
w26989	mapiak	1
w26990	mapianzia	1
w26991	Mapim	1
w26992	mapite	1
w26993	mapna	1
w26994	Mara	1
w26995	Marah	1
w26996	Maraland	1
w26997	Maran	1
w26998	Marang	1
w26999	Marari	1
w27000	Marathon	1
w27001	Marawi	1
w27002	March	1
w27003	mard	1
w27004	Mareal	1
w27005	Mareshah	1
w27006	Mari	1
w27007	Maria	1
w27008	Marijuana	1
w27009	Marioth	1
w27010	Mark	1
w27011	Marka	1
w27012	Markaboth	1
w27013	market	1
w27014	marn	1
w27015	Maroth	1
w27016	Mars	1
w27017	Marsena	1
w27018	Martha	1
w27019	martyr	1
w27020	Mary	1
w27021	Maryland	1
w27022	masa	1
w27023	masa phot	1
w27024	masabel	1
w27025	masading	1
w27026	masain	1
w27027	masak	1
w27028	masak penpen	1
w27029	masakdiak	1
w27030	masakding	1
w27031	masakin	1
w27032	masakna	1
w27033	masaknapen	1
w27034	masakni	1
w27035	masakpen	1
w27036	masaksak	1
w27037	masakte	1
w27038	masakun	1
w27039	masala	1
w27040	masalate	1
w27041	masalo	1
w27042	masani	1
w27043	masapa	1
w27044	masapen	1
w27045	masapenin	1
w27046	masapenpen	1
w27047	masapente	1
w27048	masaphot	1
w27049	masasa	1
w27050	masasak	1
w27051	masate	1
w27052	masawlin	1
w27053	masazaw	1
w27054	Masedonia	1
w27055	Mash	1
w27056	Mashal	1
w27057	masiah	1
w27058	mask	1
w27059	mask thuah	1
w27060	Masrakah	1
w27061	Masrekah	1
w27062	Masrekath	1
w27063	Massa	1
w27064	Massachusetts	1
w27065	Massah	1
w27066	Master	1
w27067	masuan	1
w27068	masuanin	1
w27069	masuanpi	1
w27070	masungah	1
w27071	mat	1
w27072	mat athuak	1
w27073	mat leh hen	1
w27074	matai	1
w27075	mataw	1
w27076	matbeh	1
w27077	match	1
w27078	matcip	1
w27079	matcipsak	1
w27080	matding	1
w27081	matdingin	1
w27082	mate	1
w27083	Mate	1
w27084	mateh	1
w27085	mateng	1
w27086	matengin	1
w27087	matengun	1
w27088	Mathai	1
w27089	mathei	1
w27090	Mathematics	1
w27091	Maths	1
w27092	mathu	1
w27093	mathuap	1
w27094	matin	1
w27095	matkhak	1
w27096	matkhat	1
w27097	matkhiat	1
w27098	matkhiatding	1
w27099	matkhiatna	1
w27100	matkhiatsak	1
w27101	matkhiattheih	1
w27102	matkhit	1
w27103	matkik	1
w27104	matlaitak	1
w27105	matlehhen	1
w27106	Matmang	1
w27107	matna	1
w27108	matnop	1
w27109	matnopna	1
w27110	matpongten	1
w27111	matpongtin	1
w27112	Matred	1
w27113	Matri	1
w27114	matsa	1
w27115	matsak	1
w27116	matsakin	1
w27117	matsakpah	1
w27118	matsawm	1
w27119	matsiam	1
w27120	Matsing	1
w27121	Mattan	1
w27122	Mattanah	1
w27123	Mattaniah	1
w27124	Mattatha	1
w27125	Mattathias	1
w27126	Mattattah	1
w27127	matte	1
w27128	Mattenai	1
w27129	Matthai	1
w27130	Matthan	1
w27131	Matthat	1
w27132	mattheih	1
w27133	Matthew	1
w27134	Matthias	1
w27135	matthuak	1
w27136	Mattiah	1
w27137	Mattibiah	1
w27138	Mattihiah	1
w27139	Mattithiah	1
w27140	Mattiu	1
w27141	Matu	1
w27142	matun	1
w27143	Matungnung	1
w27144	Matupi	1
w27145	matut	1
w27146	Matute	1
w27147	matutna	1
w27148	matutnate	1
w27149	matutsak	1
w27150	matutzawhna	1
w27151	matzawh	1
w27152	mau	1
w27153	Maugua	1
w27154	mauguak	1
w27155	Maukhua	1
w27156	mauleh	1
w27157	mauna	1
w27158	Maung Bwei	1
w27159	Maung Tu	1
w27160	Maungdaw	1
w27161	maute	1
w27162	mauthu	1
w27163	Mauvom	1
w27164	Mauvum	1
w27165	mavan	1
w27166	mavang	1
w27167	mavangsak	1
w27168	mavanna	1
w27169	Mavanna	1
w27170	mavansakna	1
w27171	maw	1
w27172	maw'ng	1
w27173	Mawgyaung	1
w27174	mawh	1
w27175	mawhbaang	1
w27176	mawhbaanglote	1
w27177	mawhbawl	1
w27178	mawhhi	1
w27179	mawhin	1
w27180	mawhkha	1
w27181	mawhlo	1
w27182	mawhlopi	1
w27183	mawhmah	1
w27184	mawhmai	1
w27185	mawhmaina	1
w27186	mawhmaisak	1
w27187	Mawhmaisak	1
w27188	mawhmaisakna	1
w27189	mawhmat	1
w27190	mawhna	1
w27191	mawhna khialhna	1
w27192	mawhna thaman	1
w27193	mawhnadaan	1
w27194	mawhnadan	1
w27195	mawhnasa	1
w27196	mawhnasate	1
w27197	mawhnate	1
w27198	mawhnateng	1
w27199	mawhnei	1
w27200	mawhneilo	1
w27201	mawhneimi	1
w27202	mawhneipa	1
w27203	mawhneite	1
w27204	mawhnopna	1
w27205	mawhnopnate	1
w27206	mawhpa	1
w27207	mawhpaih	1
w27208	mawhpaihna	1
w27209	mawhpeng	1
w27210	mawhpha	1
w27211	mawhphelna	1
w27212	mawhpi	1
w27213	mawhpih	1
w27214	mawhpihin	1
w27215	mawhpihna	1
w27216	mawhpua	1
w27217	mawhpuak	1
w27218	mawhpuakla	1
w27219	mawhpuakna	1
w27220	mawhsa	1
w27221	mawhsak	1
w27222	mawhsakin	1
w27223	mawhsakinah	1
w27224	mawhsaklai	1
w27225	mawhsaklo	1
w27226	mawhsakna	1
w27227	mawhsaknate	1
w27228	mawhsakpa	1
w27229	mawhsaksak	1
w27230	mawhsakte	1
w27231	mawhsakzaw	1
w27232	mawhsutna	1
w27233	mawhsuutna	1
w27234	mawhte	1
w27235	mawhthoihna	1
w27236	mawhzaw	1
w27237	mawhzon	1
w27238	mawhzonna	1
w27239	mawhzonnate	1
w27240	mawk	1
w27241	mawk veh	1
w27242	mawka	1
w27243	mawkbei	1
w27244	mawkbeisak	1
w27245	mawkciam	1
w27246	mawkcih	1
w27247	mawkdiam	1
w27248	mawkding	1
w27249	mawkgen	1
w27250	mawkhi	1
w27251	mawkin	1
w27252	mawkkheel	1
w27253	mawkkiat	1
w27254	mawkkoih	1
w27255	mawkleh	1
w27256	mawkleng	1
w27257	mawklot	1
w27258	mawkmai	1
w27259	mawkmawk	1
w27260	mawkmawk hilo	1
w27261	mawkmawkah	1
w27262	mawkmawkbek	1
w27263	mawkmawkin	1
w27264	mawkmawkte	1
w27265	mawkmawkzong	1
w27266	mawkna	1
w27267	mawknapi	1
w27268	mawknate	1
w27269	mawkngah	1
w27270	mawkpaih	1
w27271	mawkpau	1
w27272	mawkpen	1
w27273	mawkphat	1
w27274	mawkphatna	1
w27275	mawkpiak	1
w27276	mawksak	1
w27277	mawksut	1
w27278	mawkta	1
w27279	mawktai	1
w27280	mawktat	1
w27281	mawktatna	1
w27282	mawkte	1
w27283	mawktuptup	1
w27284	mawkvak	1
w27285	mawkval	1
w27286	mawkzat	1
w27287	mawl	1
w27288	Mawlaih	1
w27289	Mawlamyine	1
w27290	mawlmawl	1
w27291	mawlna	1
w27292	mawlnapi	1
w27293	mawlnapi-in	1
w27294	mawlpih	1
w27295	mawlpihna	1
w27296	mawlpihzo	1
w27297	mawlsak	1
w27298	mawng	1
w27299	Mawngken	1
w27300	mawngkhak	1
w27301	mawngkung	1
w27302	mawngphali	1
w27303	Mawsi	1
w27304	mawtaw	1
w27305	mawtaw awkcip	1
w27306	mawtaw golpi	1
w27307	mawtaw khawlna	1
w27308	mawtaw koihna	1
w27309	mawtaw lampi	1
w27310	mawtaw tuahsia	1
w27311	mawtaw tuahsiatna	1
w27312	mawtaw-hawlte	1
w27313	mawtawh	1
w27314	mawtawhawl	1
w27315	mawtawhawlpa	1
w27316	mawtawkhat	1
w27317	mawtawneu	1
w27318	mawtawpei	1
w27319	mawtawpi	1
w27320	mawtawsung	1
w27321	mawtawte	1
w27322	mawtawzat	1
w27323	mawza	1
w27324	Mawzum	1
w27325	Maxico	1
w27326	May	1
w27327	Maymyo	1
w27328	Mayor	1
w27329	mazan	1
w27330	mazang	1
w27331	mazanna	1
w27332	Mazda	1
w27333	Mazih	1
w27334	Mbawtha	1
w27335	MBCC	1
w27336	Mbingyaw	1
w27337	Mda-imnu	1
w27338	Mdap	1
w27339	Mdasa	1
w27340	Mearah	1
w27341	Mebunnai	1
w27342	Mecca	1
w27343	mechanic	1
w27344	Medad	1
w27345	Medal	1
w27346	Medan	1
w27347	Medeba	1
w27348	Medfield	1
w27349	Media	1
w27350	Mediate	1
w27351	Medicaid	1
w27352	Mediterranean	1
w27353	mee	1
w27354	mee pia	1
w27355	mee piak	1
w27356	meegmeeng	1
w27357	meei	1
w27358	meeingo	1
w27359	meek	1
w27360	meeka	1
w27361	meekhia	1
w27362	meekin	1
w27363	meekmeek	1
w27364	meekna	1
w27365	meekuang	1
w27366	meekuang lui	1
w27367	meel	1
w27368	meelhoih	1
w27369	meelhoihna	1
w27370	meello	1
w27371	meelma	1
w27372	meelte	1
w27373	meeltheih	1
w27374	meeltheihte	1
w27375	meen	1
w27376	meen'na	1
w27377	meeng	1
w27378	meengin	1
w27379	meengkhia	1
w27380	meengmeeng	1
w27381	meengmeenga	1
w27382	meengsakin	1
w27383	meet	1
w27384	meetang	1
w27385	meetbawl	1
w27386	meetbawlna	1
w27387	meetin	1
w27388	meeting	1
w27389	meeting kah	1
w27390	meeting kinei	1
w27391	meetingah	1
w27392	meetna	1
w27393	meetpih	1
w27394	meetsak	1
w27395	meette	1
w27396	Mefa	1
w27397	Mefa-ah	1
w27398	Mefa-ath	1
w27399	Mefaath	1
w27400	Mefibosheth	1
w27401	megachurch	1
w27402	Meggiddon	1
w27403	Meghalaya	1
w27404	Megiddo	1
w27405	meh	1
w27406	mehbawl	1
w27407	mehbeel	1
w27408	Mehetabel	1
w27409	mehgah	1
w27410	mehgahte	1
w27411	mehhuan	1
w27412	Mehida	1
w27413	Mehir	1
w27414	mehkan	1
w27415	mehkhing	1
w27416	mehlei	1
w27417	mehlim	1
w27418	mehngah	1
w27419	Meholah	1
w27420	mehte	1
w27421	mehteh	1
w27422	mehteh mehgahte	1
w27423	mehtehmehgah	1
w27424	mehthuk	1
w27425	mehtui	1
w27426	mehtuisa	1
w27427	Mehujael	1
w27428	Mehuman	1
w27429	mehza	1
w27430	mehzaa	1
w27431	mei	1
w27432	mei bulb	1
w27433	mei-amsa	1
w27434	mei-amte	1
w27435	meiam	1
w27436	meibaang	1
w27437	meibung	1
w27438	meidawi	1
w27439	meidawilawh	1
w27440	meidawina	1
w27441	meidawisuah	1
w27442	meidawite	1
w27443	meidet	1
w27444	meigit	1
w27445	meigon	1
w27446	meigon'na	1
w27447	meigong	1
w27448	meigong tagah	1
w27449	meigongin	1
w27450	meigongnu	1
w27451	meigongnute	1
w27452	meigongpa	1
w27453	meigongte	1
w27454	meigonna	1
w27455	meihal	1
w27456	meihalna	1
w27457	meihol	1
w27458	meihtu	1
w27459	meii	1
w27460	meii-in	1
w27461	meiikai	1
w27462	meiilom	1
w27463	meiilum	1
w27464	meiingo	1
w27465	meiipi	1
w27466	meiipite	1
w27467	meiite	1
w27468	Meiite	1
w27469	meiivom	1
w27470	meiizun	1
w27471	meika	1
w27472	meikai	1
w27473	meikang	1
w27474	meikanggawp	1
w27475	meikangin	1
w27476	meikanglak	1
w27477	meikanglum	1
w27478	meikangma	1
w27479	meikangpen	1
w27480	meikangthei	1
w27481	meikangtum	1
w27482	meikangza	1
w27483	meikat	1
w27484	meikatna	1
w27485	meikatpen	1
w27486	meikatvai	1
w27487	meikhau	1
w27488	meikhu	1
w27489	meikhuam	1
w27490	meikhugim	1
w27491	meikhuk	1
w27492	Meikhuk	1
w27493	meikhuka	1
w27494	meikhukah	1
w27495	meikhukpi	1
w27496	meikhukte	1
w27497	meikhul	1
w27498	meikhute	1
w27499	Meiktila	1
w27500	meikuang	1
w27501	meikuang akipan	1
w27502	meikuang ziahziah	1
w27503	meikuanggawp	1
w27504	meikuangin	1
w27505	meikuanglak	1
w27506	meikuangpah	1
w27507	meikuangpen	1
w27508	meikuangpi	1
w27509	meikuangsa	1
w27510	meikuangte	1
w27511	meikuangteng	1
w27512	meikulh	1
w27513	meilah	1
w27514	meilah satni	1
w27515	meilahte	1
w27516	meilakna	1
w27517	Meilangtlang	1
w27518	meileeng	1
w27519	meileng	1
w27520	meileng khawlna	1
w27521	meileng lampi	1
w27522	meileng sikzawn	1
w27523	meileng station	1
w27524	meilenghawl	1
w27525	meilengkhat	1
w27526	meilenglam	1
w27527	meilengpen	1
w27528	meilengsung	1
w27529	meilengthak	1
w27530	meilengtung	1
w27531	meilet	1
w27532	meilum	1
w27533	meima	1
w27534	Meima lo-ah tho tu lo	1
w27535	meimai	1
w27536	meimapawn	1
w27537	meimapite	1
w27538	meimasak	1
w27539	meimate	1
w27540	meimatum	1
w27541	meimatumte	1
w27542	meimual	1
w27543	meimual puakkham	1
w27544	meingong	1
w27545	meiphelh	1
w27546	meiphelh mawtaw	1
w27547	meiphelhding	1
w27548	meiphelhna	1
w27549	meiphelhpen	1
w27550	meiphual	1
w27551	meiphualpi	1
w27552	meiphualpikhu	1
w27553	meipi	1
w27554	meipum	1
w27555	meisa	1
w27556	meisah	1
w27557	meisan	1
w27558	meiset	1
w27559	meisuang	1
w27560	meitang	1
w27561	meitawh	1
w27562	Meitawhna	1
w27563	meite	1
w27564	meitehte	1
w27565	Meitei	1
w27566	Meiteigun	1
w27567	Meiteite	1
w27568	meitha	1
w27569	meithau	1
w27570	meitui	1
w27571	meivaak	1
w27572	meivak	1
w27573	meivak ni	1
w27574	meivakkhau	1
w27575	meivakkhuam	1
w27576	meivakkhuamte	1
w27577	meivakna	1
w27578	Meivakna	1
w27579	meivakpawi	1
w27580	meivakpi	1
w27581	meivakte	1
w27582	meivaktui	1
w27583	meivom	1
w27584	meizom	1
w27585	meizong	1
w27586	Mejarkon	1
w27587	mek	1
w27588	mekcip	1
w27589	mekding	1
w27590	Mekherah	1
w27591	Mekherath	1
w27592	Mekkedah	1
w27593	mekkha	1
w27594	mekmek	1
w27595	mekna	1
w27596	Mekonah	1
w27597	Mekong	1
w27598	meksak	1
w27599	meksaksak	1
w27600	mekuang	1
w27601	mel	1
w27602	mel sun	1
w27603	Melaca	1
w27604	Meladah	1
w27605	Melaka	1
w27606	Melatiah	1
w27607	Melbourne	1
w27608	Melea	1
w27609	Melek	1
w27610	melh	1
w27611	melhoih	1
w27612	melhoihin	1
w27613	melhoihna	1
w27614	melhoihpen	1
w27615	melhoihsak	1
w27616	melhoihzaw	1
w27617	melin	1
w27618	melkei	1
w27619	Melkhi	1
w27620	Melkhizedek	1
w27621	melkilamdanna	1
w27622	mello	1
w27623	melloh	1
w27624	mellopi	1
w27625	melma	1
w27626	melmawl	1
w27627	melmel	1
w27628	melmuh	1
w27629	melmuhding	1
w27630	Melodak	1
w27631	Melodak-baladan	1
w27632	melpua	1
w27633	melpuak	1
w27634	melsia	1
w27635	melsiat	1
w27636	melsiatna	1
w27637	meltheih	1
w27638	meltheih tanau	1
w27639	meltheihna	1
w27640	meltheihte	1
w27641	mema	1
w27642	mema-in	1
w27643	memat	1
w27644	member	1
w27645	membership	1
w27646	memberte	1
w27647	memcim	1
w27648	Memfis	1
w27649	Memorandum	1
w27650	memory	1
w27651	Memukan	1
w27652	Memukante	1
w27653	Men	1
w27654	Menahem	1
w27655	mencim	1
w27656	mencim leitolh	1
w27657	mencimlak	1
w27658	mencip	1
w27659	mencipna	1
w27660	Mene	1
w27661	MENE	1
w27662	meng	1
w27663	mengin	1
w27664	mengkhia	1
w27665	mengme	1
w27666	mengmeng	1
w27667	mengmengaw	1
w27668	mengmengding	1
w27669	mengmengleh	1
w27670	mengmenglo	1
w27671	Mengnu	1
w27672	Meni	1
w27673	Menna	1
w27674	mentor	1
w27675	Menu	1
w27676	Menuhoth	1
w27677	menzi	1
w27678	menzipa	1
w27679	Menzipa	1
w27680	Menzipipa	1
w27681	Meonothai	1
w27682	Merab	1
w27683	Meraiah	1
w27684	Meraioth	1
w27685	Merapi	1
w27686	Merari	1
w27687	Merathaim	1
w27688	Mercedes	1
w27689	Merchantrade	1
w27690	Mercury	1
w27691	Merdeka	1
w27692	Mered	1
w27693	Meremoth	1
w27694	Meres	1
w27695	Meriao	1
w27696	Meribah	1
w27697	Meribath	1
w27698	Meribath-kadesh	1
w27699	Meribathkadesh	1
w27700	Meribba	1
w27701	Meribba-al	1
w27702	Meribbaal	1
w27703	merodak	1
w27704	Merodak	1
w27705	Merodak-baladan	1
w27706	Merodakbaladan	1
w27707	Merom	1
w27708	Meronoth	1
w27709	Meroz	1
w27710	MERS	1
w27711	Mersing	1
w27712	Meru	1
w27713	Mesha	1
w27714	Meshak	1
w27715	Meshech	1
w27716	Meshek	1
w27717	Meshelemiah	1
w27718	Meshellemiah	1
w27719	Meshezabel	1
w27720	Meshilemith	1
w27721	Meshillemith	1
w27722	Meshillemoth	1
w27723	Meshobab	1
w27724	Meshullam	1
w27725	Meshullamte	1
w27726	Meshullemeth	1
w27727	Meshullum	1
w27728	Mesopotamia	1
w27729	message	1
w27730	messenger	1
w27731	Messiah	1
w27732	met	1
w27733	Metal	1
w27734	metbawl	1
w27735	metdok	1
w27736	Meter	1
w27737	Methamphetamine	1
w27738	Methanol	1
w27739	Methegammah	1
w27740	method	1
w27741	Methodist	1
w27742	Methuselah	1
w27743	Methushael	1
w27744	metin	1
w27745	metkhia	1
w27746	metlawh	1
w27747	metna	1
w27748	metpih	1
w27749	metsak	1
w27750	mette	1
w27751	mettol	1
w27752	mettolna	1
w27753	mettom	1
w27754	metzaw	1
w27755	Meunim	1
w27756	Mexican	1
w27757	Mexico	1
w27758	Mezahab	1
w27759	Mgwe-imnu	1
w27760	Mgwi	1
w27761	Mhaw	1
w27762	Mhreng	1
w27763	mi	1
w27764	Mi	1
w27765	mi khatna	1
w27766	mi masa	1
w27767	mi masate	1
w27768	mi nihna	1
w27769	mi thumna	1
w27770	mi'n	1
w27771	mi-in	1
w27772	miaimuai	1
w27773	mial	1
w27774	miala	1
w27775	mialcip	1
w27776	mialcipsak	1
w27777	mialin	1
w27778	mialmial	1
w27779	mialna	1
w27780	mialpha	1
w27781	mialsak	1
w27782	mialta	1
w27783	mialzawt	1
w27784	Miami	1
w27785	miamua	1
w27786	Mianyang	1
w27787	miau	1
w27788	mibang	1
w27789	mibanglo	1
w27790	mibawl	1
w27791	Mibhar	1
w27792	Mibsam	1
w27793	mibuan	1
w27794	mibuanpa	1
w27795	mibuansawm	1
w27796	mibuante	1
w27797	mibum	1
w27798	mibumna	1
w27799	mibup	1
w27800	mibuppite	1
w27801	Mibzar	1
w27802	Micah	1
w27803	Michigan	1
w27804	micih	1
w27805	miciim	1
w27806	miciing	1
w27807	micimawh	1
w27808	micinate	1
w27809	micing	1
w27810	micinglo	1
w27811	micitak	1
w27812	micitakte	1
w27813	Microchip	1
w27814	microphone	1
w27815	Microsoft	1
w27816	midang	1
w27817	midangdang	1
w27818	midangkhat	1
w27819	midangpi	1
w27820	midangtawh	1
w27821	midangte	1
w27822	midangten	1
w27823	Middin	1
w27824	Midian	1
w27825	Midiante	1
w27826	midik	1
w27827	Midik	1
w27828	midikin	1
w27829	midikpa	1
w27830	midiktatte	1
w27831	midikte	1
w27832	Midwife	1
w27833	Mifibosheth	1
w27834	migam	1
w27835	migam milei	1
w27836	Migdalel	1
w27837	Migdalgad	1
w27838	Migdel	1
w27839	Migdol	1
w27840	migenthei	1
w27841	migi	1
w27842	migilo	1
w27843	migilo damiah	1
w27844	migilo kipawlna	1
w27845	migiloin	1
w27846	migilopa	1
w27847	migilote	1
w27848	migina	1
w27849	miginalo	1
w27850	miginate	1
w27851	migit	1
w27852	migithuai	1
w27853	migitna	1
w27854	migitsuah	1
w27855	migittuak	1
w27856	Migron	1
w27857	migualzo	1
w27858	mih	1
w27859	mihai	1
w27860	mihaipa	1
w27861	mihaipi	1
w27862	mihaite	1
w27863	mihaksa	1
w27864	mihampha	1
w27865	mihamsia	1
w27866	mihangsan	1
w27867	mihatte	1
w27868	mihau	1
w27869	mihaupa	1
w27870	mihaupen	1
w27871	mihaupi	1
w27872	mihaute	1
w27873	mihawih	1
w27874	mihing	1
w27875	Mihing	1
w27876	mihing hamphatna	1
w27877	mihing hihna	1
w27878	mihing ngeina	1
w27879	mihinga	1
w27880	mihingin	1
w27881	mihingkhat	1
w27882	mihingpen	1
w27883	mihingsa	1
w27884	mihingte	1
w27885	mihingten	1
w27886	mihinna	1
w27887	mihoih	1
w27888	mihoihin	1
w27889	mihoihlo	1
w27890	mihoihna	1
w27891	mihoihpa	1
w27892	mihoihte	1
w27893	mihoihteng	1
w27894	mihon	1
w27895	Mihon	1
w27896	mihonpi	1
w27897	mihonpite	1
w27898	Mihonpite	1
w27899	mihonte	1
w27900	mihuh	1
w27901	miikmeek	1
w27902	miim	1
w27903	Mijamin	1
w27904	Mika	1
w27905	mikaang	1
w27906	Mikaangpau	1
w27907	mikaangte	1
w27908	Mikah	1
w27909	Mikaiah	1
w27910	mikang	1
w27911	mikang kumpi	1
w27912	mikanggam	1
w27913	mikanglai	1
w27914	Mikanglai	1
w27915	Mikanglaite	1
w27916	mikangpau	1
w27917	mikangte	1
w27918	mikangte-a	1
w27919	mikangten	1
w27920	Mikhael	1
w27921	Mikhal	1
w27922	mikhang	1
w27923	mikhangto	1
w27924	mikhat	1
w27925	mikhatbek	1
w27926	mikhatin	1
w27927	mikhatliam	1
w27928	mikhatpen	1
w27929	mikhatpeuh	1
w27930	mikhattek	1
w27931	mikhatzong	1
w27932	mikheemte	1
w27933	mikhem	1
w27934	mikhemkhem	1
w27935	mikhempa	1
w27936	mikhempeuh	1
w27937	mikhemte	1
w27938	mikhial	1
w27939	mikhialte	1
w27940	Mikhialte	1
w27941	mikhual	1
w27942	mikhualpi	1
w27943	mikhualte	1
w27944	mikhut	1
w27945	mikhutnuai	1
w27946	mikiang	1
w27947	mikician	1
w27948	mikihisak	1
w27949	mikihisakte	1
w27950	mikim	1
w27951	mikimin	1
w27952	mikitawng	1
w27953	Mikloth	1
w27954	Mikmas	1
w27955	Mikmash	1
w27956	mikmek	1
w27957	Mikmethath	1
w27958	Mikneiah	1
w27959	miko	1
w27960	Mikonah	1
w27961	Mikri	1
w27962	miksi	1
w27963	miksite	1
w27964	milak	1
w27965	Milalai	1
w27966	milamdang	1
w27967	Milan	1
w27968	milawhcing	1
w27969	mile	1
w27970	milei	1
w27971	milestone	1
w27972	Miletas	1
w27973	milian	1
w27974	milianin	1
w27975	milianpi	1
w27976	miliante	1
w27977	Miliante	1
w27978	milim	1
w27979	milim biakna	1
w27980	milim biate	1
w27981	milimbia	1
w27982	milimin	1
w27983	milimte	1
w27984	milip	1
w27985	milip simna	1
w27986	milipin	1
w27987	milipun	1
w27988	Militant	1
w27989	Militants	1
w27990	Militia	1
w27991	Milkah	1
w27992	Milkom	1
w27993	million	1
w27994	millionaire	1
w27995	millions	1
w27996	Millo	1
w27997	milmel	1
w27998	milmial	1
w27999	milo	1
w28000	milom	1
w28001	miluang	1
w28002	milui	1
w28003	milungsim	1
w28004	Milwaukee	1
w28005	mim	1
w28006	mimah	1
w28007	mimai	1
w28008	mimal	1
w28009	mimal mintaang	1
w28010	mimal muhdan	1
w28011	mimal muhna	1
w28012	mimal phazah	1
w28013	mimal tangdin	1
w28014	mimal vai	1
w28015	mimalin	1
w28016	mimalkim	1
w28017	mimalmintaang	1
w28018	mimalte	1
w28019	mimalvai	1
w28020	miman	1
w28021	mimang	1
w28022	mimangcip	1
w28023	mimasa	1
w28024	mimasate	1
w28025	mimat	1
w28026	mimawh	1
w28027	mimawhte	1
w28028	mimawkmawk	1
w28029	mimawl	1
w28030	Mimbil	1
w28031	mimel	1
w28032	mimi	1
w28033	mimi-in	1
w28034	mimin	1
w28035	miminthang	1
w28036	mimkhau	1
w28037	mimtang-taangtang	1
w28038	mimuan	1
w28039	mimuhna	1
w28040	min	1
w28041	Min	1
w28042	min kitaih	1
w28043	min kivawh	1
w28044	Min Kraing	1
w28045	mina	1
w28046	minam	1
w28047	minam deidan	1
w28048	minam hihna	1
w28049	minam it	1
w28050	minam itna	1
w28051	minam khangto	1
w28052	minam kician	1
w28053	minam kipumkhatna	1
w28054	minam minpua	1
w28055	minam party	1
w28056	minam puan	1
w28057	minambup	1
w28058	minamdang	1
w28059	minamdangte	1
w28060	minamin	1
w28061	minamke	1
w28062	minamkee	1
w28063	minamkhat	1
w28064	minamkim	1
w28065	minamlian	1
w28066	minamni	1
w28067	minampi	1
w28068	minampih	1
w28069	minampite	1
w28070	minamte	1
w28071	Minamte	1
w28072	minamvai	1
w28073	minas	1
w28074	minautang	1
w28075	minautangte	1
w28076	minbaih	1
w28077	Minbu	1
w28078	Minbya	1
w28079	mincim	1
w28080	mindai	1
w28081	mindaihuai	1
w28082	mindaihuaite	1
w28083	mindaina	1
w28084	mindainate	1
w28085	mindainateng	1
w28086	mindaisak	1
w28087	mindaisakna	1
w28088	Mindanao	1
w28089	mindang	1
w28090	Mindat	1
w28091	mindeih	1
w28092	minding	1
w28093	mine	1
w28094	mineu	1
w28095	mineupen	1
w28096	mineute	1
w28097	Mingaladon	1
w28098	Mingalardone	1
w28099	mingau	1
w28100	mingongtat	1
w28101	Mingyi	1
w28102	minhoih	1
w28103	miniam	1
w28104	Miniam	1
w28105	Miniamin	1
w28106	miniamte	1
w28107	Minibus	1
w28108	minih	1
w28109	minihte	1
w28110	minin	1
w28111	mininte	1
w28112	Minister	1
w28113	minit	1
w28114	Minivan	1
w28115	minkhem	1
w28116	minkhumna	1
w28117	minkip	1
w28118	minlawhna	1
w28119	minleza	1
w28120	minlian	1
w28121	minliat	1
w28122	minliatna	1
w28123	minlo	1
w28124	minmai	1
w28125	minmal	1
w28126	minmalte	1
w28127	minmin	1
w28128	Minneapolis	1
w28129	minnei	1
w28130	minneikhat	1
w28131	Minnesota	1
w28132	minneu	1
w28133	Minni	1
w28134	Minnith	1
w28135	minno	1
w28136	Minority	1
w28137	minpen	1
w28138	minpha	1
w28139	minphat	1
w28140	minphathuai	1
w28141	minphatna	1
w28142	minphatnate	1
w28143	minphuah	1
w28144	minphuak	1
w28145	minpi	1
w28146	minpia	1
w28147	minpua	1
w28148	minpuate	1
w28149	Minpya	1
w28150	minsa	1
w28151	minsazian	1
w28152	minsel	1
w28153	minsia	1
w28154	minsial	1
w28155	minsiasak	1
w28156	minsiat	1
w28157	minsiatham	1
w28158	minsiatlawh	1
w28159	minsiatna	1
w28160	minsuang	1
w28161	minta	1
w28162	mintaang	1
w28163	mintaanga	1
w28164	mintak	1
w28165	mintaktak	1
w28166	mintang	1
w28167	mintap	1
w28168	mintawh	1
w28169	minte	1
w28170	minthak	1
w28171	minthan	1
w28172	minthan nading	1
w28173	minthang	1
w28174	Minthang	1
w28175	minthang vangvang	1
w28176	minthangin	1
w28177	minthangkhat	1
w28178	minthangna	1
w28179	minthangpen	1
w28180	minthangsa	1
w28181	minthangsak	1
w28182	minthangte	1
w28183	minthanhuai	1
w28184	minthanna	1
w28185	minthannate	1
w28186	minthansuah	1
w28187	minthantuak	1
w28188	minthanzawk	1
w28189	minthuh	1
w28190	minthuhna	1
w28191	minu	1
w28192	minuamsa	1
w28193	minun	1
w28194	minus	1
w28195	minute	1
w28196	minutes	1
w28197	Minvaak	1
w28198	minvawh	1
w28199	minzong	1
w28200	mipa	1
w28201	Mipa	1
w28202	Mipaktat	1
w28203	mipawl	1
w28204	Mipawl	1
w28205	mipawlkhat	1
w28206	mipawlkhatte	1
w28207	mipawlpawlte	1
w28208	mipawlte	1
w28209	mipe	1
w28210	mipee	1
w28211	mipen	1
w28212	mipha	1
w28213	miphaak	1
w28214	miphak	1
w28215	miphakpa	1
w28216	miphakte	1
w28217	miphapa	1
w28218	miphate	1
w28219	miphazah	1
w28220	Miphun	1
w28221	mipi	1
w28222	mipi deihna	1
w28223	mipi galkap	1
w28224	mipi maiah	1
w28225	mipi muhding in	1
w28226	mipi nautang	1
w28227	mipi tangmi	1
w28228	mipicing	1
w28229	mipicingte	1
w28230	mipih	1
w28231	mipihte	1
w28232	mipii	1
w28233	mipil	1
w28234	mipil mihau	1
w28235	mipil misiam	1
w28236	mipil misiamte	1
w28237	mipilak	1
w28238	mipilam	1
w28239	mipileitang	1
w28240	mipilin	1
w28241	mipilpa	1
w28242	mipilpi	1
w28243	mipilsate	1
w28244	mipilte	1
w28245	mipilten	1
w28246	mipilteng	1
w28247	mipimai	1
w28248	mipite	1
w28249	Mipite	1
w28250	mipiteel	1
w28251	mipiten	1
w28252	mipitung	1
w28253	mipoi	1
w28254	mipoite	1
w28255	mipum	1
w28256	Miri	1
w28257	Miriam	1
w28258	Mirmah	1
w28259	mirrah	1
w28260	Mirrah	1
w28261	Miryang	1
w28262	misang	1
w28263	misapna	1
w28264	Misat	1
w28265	misawl	1
w28266	Mishael	1
w28267	Mishal	1
w28268	Misham	1
w28269	Mishamannah	1
w28270	Mishma	1
w28271	Mishmannah	1
w28272	Mishrai	1
w28273	Mishrefoth	1
w28274	Mishrefoth-maim	1
w28275	misi	1
w28276	misi koihna	1
w28277	misi luanghawm	1
w28278	misi sazian	1
w28279	misia	1
w28280	misiam	1
w28281	misiamte	1
w28282	misiangte	1
w28283	misiangtho	1
w28284	Misiangtho	1
w28285	misiangthote	1
w28286	misiapa	1
w28287	misiate	1
w28288	misibuk	1
w28289	misiluang	1
w28290	Misiluangte	1
w28291	misimna	1
w28292	misimtatte	1
w28293	misipa	1
w28294	misipuah	1
w28295	misisa	1
w28296	misite	1
w28297	Misite	1
w28298	misite khua	1
w28299	misok	1
w28300	misokpa	1
w28301	misokte	1
w28302	Mispah	1
w28303	Mispar	1
w28304	Mispereth	1
w28305	Misrefothmaim	1
w28306	missa	1
w28307	Missa Biakpiakna	1
w28308	missile	1
w28309	missiles	1
w28310	missiology	1
w28311	mission	1
w28312	missionaries	1
w28313	missionary	1
w28314	missionaryte	1
w28315	missionnary	1
w28316	Mississippi	1
w28317	Missouri	1
w28318	misuak	1
w28319	misuam	1
w28320	misuamlum	1
w28321	misuampa	1
w28322	misuamte	1
w28323	Misusia	1
w28324	mit	1
w28325	mitah	1
w28326	mitam	1
w28327	mitamna	1
w28328	mitampi	1
w28329	mitampitak	1
w28330	mitampite	1
w28331	mitang	1
w28332	mitaw	1
w28333	mitawh	1
w28334	mitawm	1
w28335	mitdong	1
w28336	mitdonglo	1
w28337	mite	1
w28338	Mite	1
w28339	mite'n	1
w28340	mitei	1
w28341	miteite	1
w28342	miten	1
w28343	miteng	1
w28344	mitepen	1
w28345	mithagolte	1
w28346	Mithagolte	1
w28347	mithah	1
w28348	mithahna	1
w28349	mithak	1
w28350	Mithaklut	1
w28351	mithakte	1
w28352	mithang	1
w28353	mithat	1
w28354	mithatding	1
w28355	mithatna	1
w28356	mithatpa	1
w28357	mithatte	1
w28358	mithatvai	1
w28359	mithau	1
w28360	mithauval	1
w28361	mitheek	1
w28362	mitheih	1
w28363	mithek	1
w28364	Mithkah	1
w28365	Mithni	1
w28366	Mithredath	1
w28367	mithum	1
w28368	mithumante	1
w28369	mithupi	1
w28370	mithupite	1
w28371	Mitilena	1
w28372	mitin	1
w28373	mitkeuh	1
w28374	mitkha	1
w28375	mitkhu	1
w28376	mitkhua	1
w28377	mitkhuk	1
w28378	mitkhute	1
w28379	mitkua	1
w28380	mitlawt	1
w28381	mitlimlang	1
w28382	mitmangin	1
w28383	mitmet	1
w28384	mitmuh	1
w28385	mitmuhna	1
w28386	mitnauta	1
w28387	mitpak	1
w28388	mitphial	1
w28389	mitphiat	1
w28390	mitsak	1
w28391	mitsi	1
w28392	mitsicip	1
w28393	Mitsone	1
w28394	mitsuan	1
w28395	mitsuanin	1
w28396	Mitsubishi	1
w28397	Mitsum	1
w28398	mitta	1
w28399	mittang	1
w28400	Mittang khat taang mittang khat hakhat taang hakhat	1
w28401	mittangin	1
w28402	mittangte	1
w28403	mittaw	1
w28404	mittawh	1
w28405	mittawpa	1
w28406	mittawpite	1
w28407	mittawsa	1
w28408	mittawsak	1
w28409	mittawt	1
w28410	mittawte	1
w28411	Mittawte	1
w28412	mittawtna	1
w28413	mitte	1
w28414	mittha	1
w28415	mittui	1
w28416	Mitu	1
w28417	mituam	1
w28418	Mitylene	1
w28419	mitzo	1
w28420	mitzung	1
w28421	miuhmeuh	1
w28422	mivak	1
w28423	mival	1
w28424	mivan	1
w28425	mivanglianpa	1
w28426	mivom	1
w28427	mivomte	1
w28428	Mixer	1
w28429	Mizar	1
w28430	mizat	1
w28431	mizatte	1
w28432	mizawng	1
w28433	mizawngin	1
w28434	mizawngpa	1
w28435	mizawngpen	1
w28436	mizawngte	1
w28437	mizia	1
w28438	Mizo	1
w28439	Mizogam	1
w28440	mizogamah	1
w28441	mizol	1
w28442	mizong	1
w28443	Mizoram	1
w28444	Mizoramah	1
w28445	Mizote	1
w28446	Mizoten	1
w28447	Mizpah	1
w28448	Mizpeh	1
w28449	Mizuau	1
w28450	mizuaute	1
w28451	Mizzah	1
w28452	Mizzima	1
w28453	Mkai-imnu	1
w28454	Mkyai	1
w28455	Mkyam-im	1
w28456	Mleng	1
w28457	MMC	1
w28458	MMOnline	1
w28459	MMTimes	1
w28460	Mnanhath	1
w28461	Mnason	1
w28462	MNDAA	1
w28463	mo	1
w28464	Mo	1
w28465	Moab	1
w28466	Moabte	1
w28467	Moadiah	1
w28468	Moan	1
w28469	Mobile	1
w28470	Mobye	1
w28471	Mocoa	1
w28472	Model	1
w28473	moderator	1
w28474	Moderna	1
w28475	MOEAF	1
w28476	Mogadishu	1
w28477	Mogok	1
w28478	Mogoke	1
w28479	moh	1
w28480	mohbawl	1
w28481	mohbawlna	1
w28482	mohin	1
w28483	mohkeu	1
w28484	mohlawh	1
w28485	mohlum	1
w28486	mohneu	1
w28487	mohpheng	1
w28488	mohphengte	1
w28489	mohte	1
w28490	mohzuakna	1
w28491	moi	1
w28492	moilai	1
w28493	Moines	1
w28494	moipen	1
w28495	moisuah	1
w28496	moisuahin	1
w28497	moken	1
w28498	mokenin	1
w28499	mokensak	1
w28500	mokha	1
w28501	mokhak	1
w28502	mokhakna	1
w28503	mokhaksahawmna	1
w28504	mokhakte	1
w28505	mola	1
w28506	Moladah	1
w28507	molakna	1
w28508	molakpawi	1
w28509	molecule	1
w28510	molei	1
w28511	moleii	1
w28512	Molek	1
w28513	molhtum	1
w28514	molhtumin	1
w28515	molhtumte	1
w28516	moliah	1
w28517	moliahnu	1
w28518	moliahpa	1
w28519	Molid	1
w28520	Molok	1
w28521	moltum	1
w28522	mom	1
w28523	mom-ai	1
w28524	momai	1
w28525	momaite	1
w28526	moman	1
w28527	Momauk	1
w28528	momno	1
w28529	Momno	1
w28530	momnote	1
w28531	Mon	1
w28532	monarchy	1
w28533	Monastery	1
w28534	Monday	1
w28535	moneite	1
w28536	mong	1
w28537	monga	1
w28538	mongah	1
w28539	mongciik	1
w28540	mongdong	1
w28541	mongin	1
w28542	Mongken	1
w28543	mongkhat	1
w28544	Monglang	1
w28545	mongneilo	1
w28546	Mongolia	1
w28547	mongte	1
w28548	mongteep	1
w28549	Monitor	1
w28550	Monorail	1
w28551	Montgomery	1
w28552	Montreal	1
w28553	monu	1
w28554	monute	1
w28555	Monyua	1
w28556	Monywa	1
w28557	mopa	1
w28558	mopawi	1
w28559	mopawi sapna	1
w28560	mopawisiim	1
w28561	mopi	1
w28562	mopina	1
w28563	mopipa	1
w28564	Mopipa	1
w28565	mopuan	1
w28566	mor	1
w28567	Mordekai	1
w28568	Moreh	1
w28569	Moreseth	1
w28570	Moreseth-gath	1
w28571	Moresethgath	1
w28572	Moresheth	1
w28573	Moreth	1
w28574	Moriah	1
w28575	Morocco	1
w28576	mortor	1
w28577	Mortuary	1
w28578	Moscow	1
w28579	Mose	1
w28580	Moserah	1
w28581	Moseroth	1
w28582	Moses	1
w28583	Moseste	1
w28584	Mosi	1
w28585	Mosque	1
w28586	Mosul	1
w28587	mot	1
w28588	motar	1
w28589	mote	1
w28590	Motel	1
w28591	mothak	1
w28592	Mothak	1
w28593	mothaknu	1
w28594	mothakte	1
w28595	motor	1
w28596	motor hawl	1
w28597	motorbike	1
w28598	Motorcycle	1
w28599	motorcycle lukhu	1
w28600	Motorcyclist	1
w28601	motorist	1
w28602	motpau	1
w28603	motto	1
w28604	Moulmein	1
w28605	movement	1
w28606	movie	1
w28607	movies	1
w28608	Moza	1
w28609	Mozah	1
w28610	MP	1
w28611	MPs	1
w28612	MPT	1
w28613	MPte	1
w28614	MRTV	1
w28615	Msang	1
w28616	Mshawng	1
w28617	Mshwe	1
w28618	Mthongnu	1
w28619	Mthu	1
w28620	Mthway	1
w28621	mu	1
w28622	mu-meika	1
w28623	mu-vanlai	1
w28624	mua	1
w28625	mua-mua	1
w28626	muaimuai	1
w28627	muaiza	1
w28628	Muaizawl	1
w28629	muak	1
w28630	muakin	1
w28631	muakna	1
w28632	mual	1
w28633	Mual	1
w28634	mual leh guam	1
w28635	muala	1
w28636	Muala	1
w28637	mualah	1
w28638	Mualah	1
w28639	mualbawk	1
w28640	Mualbeem	1
w28641	Mualbem	1
w28642	mualbo	1
w28643	mualbul	1
w28644	mualciang	1
w28645	mualdawn	1
w28646	mualdawnzang	1
w28647	mualdung	1
w28648	mualgam	1
w28649	mualh	1
w28650	mualin	1
w28651	Mualkai	1
w28652	Mualkawi	1
w28653	mualkawm	1
w28654	mualkhat	1
w28655	mualkhin	1
w28656	Mualkolh	1
w28657	mualkuam	1
w28658	Mualkuam	1
w28659	Mualkuamah	1
w28660	mualkuamlak	1
w28661	mualleguamte	1
w28662	mualliam	1
w28663	mualliante	1
w28664	Muallum	1
w28665	mualmang	1
w28666	mualmi	1
w28667	mualmi party	1
w28668	mualmi thautawi	1
w28669	mualmi thautawite	1
w28670	mualmite	1
w28671	mualmong	1
w28672	mualmong et	1
w28673	Mualmong meikhu zong nuamtuam	1
w28674	mualmual	1
w28675	mualneu	1
w28676	mualneute	1
w28677	Mualneute	1
w28678	mualno	1
w28679	Mualnuam	1
w28680	mualpang	1
w28681	mualpangah	1
w28682	mualpawn	1
w28683	mualpen	1
w28684	mualpi	1
w28685	Mualpi	1
w28686	mualsang	1
w28687	mualsangdawn	1
w28688	mualsangte	1
w28689	mualsuah	1
w28690	mualsuahpih	1
w28691	mualsuak	1
w28692	mualsuang	1
w28693	mualsuangte	1
w28694	Mualsun	1
w28695	mualtan	1
w28696	mualte	1
w28697	mualteng	1
w28698	Mualteng	1
w28699	mualtuang	1
w28700	mualtuangsa	1
w28701	Mualtuk	1
w28702	mualtung	1
w28703	Mualtung	1
w28704	mualtunga	1
w28705	mualtungah	1
w28706	mualtungmi	1
w28707	mualtungmite	1
w28708	mualtungte	1
w28709	mualvum	1
w28710	mualzang	1
w28711	muam	1
w28712	muamkhum	1
w28713	muammuam	1
w28714	muamna	1
w28715	muamua	1
w28716	muan	1
w28717	muan leh suan	1
w28718	muan'huaisak	1
w28719	muang	1
w28720	muanga	1
w28721	muangin	1
w28722	muangkha	1
w28723	muanglah	1
w28724	muanglo	1
w28725	muangmawh	1
w28726	muangmawhpah	1
w28727	muangna	1
w28728	muangngam	1
w28729	muangpa	1
w28730	muangsak	1
w28731	muangte	1
w28732	muangzo	1
w28733	muanhuai	1
w28734	muanhuailo	1
w28735	muanhuaina	1
w28736	muanhuainate	1
w28737	muanhuainna	1
w28738	muanhuaipen	1
w28739	muanhuaisak	1
w28740	muanhuaitak	1
w28741	muanhuaite	1
w28742	muanhuaizaw	1
w28743	muanin	1
w28744	muanlah	1
w28745	muanlahna	1
w28746	muanlesuan	1
w28747	muanloh	1
w28748	muanlohna	1
w28749	muanmawh	1
w28750	muanmawhhuai	1
w28751	muanmawhmi	1
w28752	muanmawhna	1
w28753	muanmuan	1
w28754	muanna	1
w28755	muanngam	1
w28756	muanpa	1
w28757	muanpi	1
w28758	muansuah	1
w28759	muansuam	1
w28760	muantaak	1
w28761	muantak	1
w28762	muante	1
w28763	muantheih	1
w28764	muantuak	1
w28765	muap	1
w28766	Muar	1
w28767	muat	1
w28768	muatcip	1
w28769	muatgawp	1
w28770	muatin	1
w28771	muatlam	1
w28772	muatmang	1
w28773	muatna	1
w28774	muatsa	1
w28775	muatsak	1
w28776	muatsakmang	1
w28777	muatthei	1
w28778	muattheih	1
w28779	muattumta	1
w28780	muban	1
w28781	mubu	1
w28782	Muchintang	1
w28783	mucian	1
w28784	mucil	1
w28785	Mucu	1
w28786	mudah	1
w28787	mudahhuai	1
w28788	mudahin	1
w28789	mudahna	1
w28790	mudahpa	1
w28791	mudahsak	1
w28792	mudahte	1
w28793	muden	1
w28794	muding	1
w28795	muh	1
w28796	muh khialh	1
w28797	muh ngeiloh	1
w28798	muhah	1
w28799	muhbeh	1
w28800	muhciang	1
w28801	muhciangin	1
w28802	muhcil	1
w28803	muhcilna	1
w28804	muhdaan	1
w28805	muhdah	1
w28806	muhdahhuai	1
w28807	muhdahhuaina	1
w28808	muhdahin	1
w28809	muhdahluat	1
w28810	muhdahna	1
w28811	muhdahte	1
w28812	muhdan	1
w28813	muhdante	1
w28814	muhding	1
w28815	muhdingin	1
w28816	muhi	1
w28817	muhin	1
w28818	muhkha	1
w28819	muhkhak	1
w28820	muhkhiak	1
w28821	muhkhiat	1
w28822	muhkhiatbeh	1
w28823	muhkhiatleh	1
w28824	muhkhiatna	1
w28825	muhkhiatnate	1
w28826	muhkhiatte	1
w28827	muhkhit	1
w28828	muhkholh	1
w28829	muhkholhna	1
w28830	muhkhop	1
w28831	muhkhopding	1
w28832	muhkhopna	1
w28833	muhkik	1
w28834	muhkopna	1
w28835	Muhlaung	1
w28836	muhlawh	1
w28837	muhleh	1
w28838	muhlehtuah	1
w28839	muhloh	1
w28840	muhlohding	1
w28841	muhlohna	1
w28842	muhmasakna	1
w28843	muhmawh	1
w28844	muhna	1
w28845	muhnak	1
w28846	muhnate	1
w28847	muhnop	1
w28848	muhnopna	1
w28849	muhnopsa	1
w28850	muhnopzia	1
w28851	muhpa	1
w28852	muhpak	1
w28853	muhphetin	1
w28854	muhpih	1
w28855	muhsa	1
w28856	muhsak	1
w28857	muhsakna	1
w28858	muhsaksa	1
w28859	muhsate	1
w28860	muhsung	1
w28861	muhtang	1
w28862	muhtangmah	1
w28863	muhtangpi	1
w28864	muhtawm	1
w28865	muhte	1
w28866	muhteh	1
w28867	muhtel	1
w28868	muhteng	1
w28869	muhthadah	1
w28870	muhthadahhuai	1
w28871	muhthakna	1
w28872	muhtheih	1
w28873	muhtheih lawntheih loh nate min	1
w28874	muhtheihding	1
w28875	muhtheihin	1
w28876	muhtheihloh	1
w28877	muhtheihna	1
w28878	muhthu	1
w28879	muhzaw	1
w28880	muhzawh	1
w28881	muhzawhloh	1
w28882	muhzia	1
w28883	mui	1
w28884	Mui zang lua kipei sat	1
w28885	muibun	1
w28886	muibunh	1
w28887	muibuntak	1
w28888	muibuntakin	1
w28889	muibut	1
w28890	muibutna	1
w28891	muikhua	1
w28892	muinam	1
w28893	muisiatna	1
w28894	muitum	1
w28895	Muizawl	1
w28896	muk	1
w28897	mukah	1
w28898	mukei	1
w28899	mukha	1
w28900	mukhading	1
w28901	mukhalian	1
w28902	mukhalo	1
w28903	mukhate	1
w28904	mukhawm	1
w28905	mukhia	1
w28906	mukhiading	1
w28907	mukhiakik	1
w28908	mukhial	1
w28909	mukhiapah	1
w28910	mukhiapan	1
w28911	mukhiat	1
w28912	mukhiata	1
w28913	mukhiathei	1
w28914	mukhiazo	1
w28915	mukhiazolo	1
w28916	mukhin	1
w28917	mukhol	1
w28918	mukhollo	1
w28919	mukik	1
w28920	mukikpa	1
w28921	mukpau	1
w28922	mukpik	1
w28923	mukpiksan	1
w28924	mukte	1
w28925	muktu	1
w28926	muktuam	1
w28927	muktuk	1
w28928	mukzum	1
w28929	mul	1
w28930	muleng	1
w28931	mulian	1
w28932	mulkiatna	1
w28933	mulkim	1
w28934	mulkimhuai	1
w28935	mulkimhuaizaw	1
w28936	mulmette	1
w28937	mulnei	1
w28938	mulo	1
w28939	Mulpi	1
w28940	multe	1
w28941	multhak	1
w28942	mumaang	1
w28943	mumang	1
w28944	Mumbai	1
w28945	mumeika	1
w28946	mumu	1
w28947	mumunuam	1
w28948	mun	1
w28949	Mun	1
w28950	mun ciatah	1
w28951	mun-awngna	1
w28952	muna	1
w28953	munah	1
w28954	Munah	1
w28955	munawnlo	1
w28956	munbu	1
w28957	munbute	1
w28958	munbute-ah	1
w28959	munciat	1
w28960	muncih	1
w28961	mundai	1
w28962	mundang	1
w28963	mundang gamdang	1
w28964	mundanga	1
w28965	mundangah	1
w28966	mundangte	1
w28967	munding	1
w28968	mungei	1
w28969	mungeilo	1
w28970	Mungpi	1
w28971	mungte	1
w28972	mungtup	1
w28973	mungtuppi	1
w28974	munhoih	1
w28975	munhong	1
w28976	munin	1
w28977	munkhat	1
w28978	munkhatah	1
w28979	munkhatbek	1
w28980	munkhatpeuh	1
w28981	munkhempeuh	1
w28982	munkip	1
w28983	munla	1
w28984	munlahna	1
w28985	Munlai	1
w28986	munlak	1
w28987	munleh	1
w28988	munlehgam	1
w28989	munlehmual	1
w28990	munlemual	1
w28991	munlian	1
w28992	Munluah	1
w28993	munminthang	1
w28994	munmuan	1
w28995	munmuanhuai	1
w28996	munmuanhuaina	1
w28997	munmuanhuaite	1
w28998	munmun	1
w28999	munmunah	1
w29000	munna	1
w29001	munnah	1
w29002	munnih	1
w29003	munnuam	1
w29004	munnuamte	1
w29005	munpan	1
w29006	munpawl	1
w29007	munpawlkhat	1
w29008	munpen	1
w29009	munphiah	1
w29010	munpi	1
w29011	munpiak	1
w29012	munsan	1
w29013	munsang	1
w29014	munsangte	1
w29015	munsanteng	1
w29016	munsimtham	1
w29017	Munsing	1
w29018	Munsong	1
w29019	Munsuan	1
w29020	Munsuang	1
w29021	muntak	1
w29022	muntampi	1
w29023	munte	1
w29024	muntek	1
w29025	munteng	1
w29026	muntengpen	1
w29027	muntepen	1
w29028	munthak	1
w29029	munthum	1
w29030	munthupi	1
w29031	muntuam	1
w29032	muntuamtuam	1
w29033	muntuamtuampan	1
w29034	munuam	1
w29035	munuamlua	1
w29036	munzong	1
w29037	mupa	1
w29038	mupah	1
w29039	mupaklo	1
w29040	mupi	1
w29041	Muppim	1
w29042	Mura	1
w29043	Murang	1
w29044	musa	1
w29045	musak	1
w29046	musakkik	1
w29047	musan	1
w29048	musane	1
w29049	musanete	1
w29050	Muse	1
w29051	Museum	1
w29052	Mushi	1
w29053	musi	1
w29054	music	1
w29055	music siam	1
w29056	musician	1
w29057	musicians	1
w29058	musim	1
w29059	musite	1
w29060	Musite	1
w29061	Muslim	1
w29062	muslim biakinn	1
w29063	muslim biakna	1
w29064	Muslims	1
w29065	Muslimte	1
w29066	musolman	1
w29067	musuk	1
w29068	mut	1
w29069	muta	1
w29070	mutakpi	1
w29071	mute	1
w29072	mutel	1
w29073	mutgawp	1
w29074	mutgawpin	1
w29075	mutgawpna	1
w29076	mutgawpsak	1
w29077	muthei	1
w29078	mutheilo	1
w29079	mutheisa	1
w29080	mutheisa-in	1
w29081	mutheite	1
w29082	Mutiara	1
w29083	mutin	1
w29084	mutkeusak	1
w29085	mutkhak	1
w29086	mutkhia	1
w29087	mutkhiagawp	1
w29088	mutkhiamang	1
w29089	mutkhiat	1
w29090	mutkhiatsak	1
w29091	mutlum	1
w29092	mutmang	1
w29093	mutmangsak	1
w29094	mutna	1
w29095	mutpai	1
w29096	mutpai-in	1
w29097	mutpuak	1
w29098	mutsia	1
w29099	mutsiang	1
w29100	muttheih	1
w29101	muu	1
w29102	muuk	1
w29103	muut	1
w29104	muvanlai	1
w29105	muvanlaite	1
w29106	muvat	1
w29107	Muzaffarnagar	1
w29108	muzaw	1
w29109	muzo	1
w29110	muzolo	1
w29111	muzote	1
w29112	Mwedon	1
w29113	Mwei Shi	1
w29114	Mwendaung	1
w29115	Myanma	1
w29116	Myanmah	1
w29117	Myanmar	1
w29118	Myaung	1
w29119	Myawaddy	1
w29120	Myawady	1
w29121	Mydin	1
w29122	Myeik	1
w29123	Myikyina	1
w29124	Myitkyina	1
w29125	Myo	1
w29126	Myoma	1
w29127	myomah	1
w29128	Myone	1
w29129	Myonee	1
w29130	Myothit	1
w29131	Myra	1
w29132	MyRC	1
w29133	myrrh	1
w29134	MySejahtera	1
w29135	Mysia	1
w29136	Mytel	1
w29137	MZBC	1
w29138	n	1
w29139	na	1
w29140	Na	1
w29141	na khatpeuhpeuh	1
w29142	na'min	1
w29143	na'ng	1
w29144	na'ngin	1
w29145	na-ah	1
w29146	Na-arai	1
w29147	Na-aran	1
w29148	na-in	1
w29149	naa	1
w29150	naai	1
w29151	naailo	1
w29152	naak	1
w29153	naakguh	1
w29154	naakleh	1
w29155	naakpi	1
w29156	naal	1
w29157	Naam	1
w29158	Naamah	1
w29159	Naaman	1
w29160	naang	1
w29161	Naarah	1
w29162	Naarai	1
w29163	Naaran	1
w29164	naasa	1
w29165	naasem	1
w29166	Nabad	1
w29167	Nabal	1
w29168	nabang	1
w29169	Nabat	1
w29170	nabawl	1
w29171	nabawlkha	1
w29172	nabawlna	1
w29173	Nabedon	1
w29174	nabeina	1
w29175	Nabhaz	1
w29176	nabia	1
w29177	Naboth	1
w29178	Nabual	1
w29179	Nabukhadnezzar	1
w29180	nabulh	1
w29181	Nabung	1
w29182	Nabuzaradan	1
w29183	nacard	1
w29184	naci	1
w29185	naciang	1
w29186	nacih	1
w29187	Nadab	1
w29188	Nadak	1
w29189	Nadak kangin Kawl lawh Daizang kangin Sulgua peh	1
w29190	nadam	1
w29191	nadang	1
w29192	nadangin	1
w29193	nadangte	1
w29194	Nadaw	1
w29195	nadawn	1
w29196	nadeih	1
w29197	nadeihleh	1
w29198	nadeihna	1
w29199	nadeihsak	1
w29200	nading	1
w29201	nadinga	1
w29202	nadingah	1
w29203	nadingbek	1
w29204	nadingin	1
w29205	nadinginzong	1
w29206	nadingleh	1
w29207	nadingmun	1
w29208	nadingpen	1
w29209	nadingte	1
w29210	nadinguh	1
w29211	nadingun	1
w29212	nadingzong	1
w29213	nadong	1
w29214	Nafath	1
w29215	Nafathdor	1
w29216	Nafish	1
w29217	Nafith	1
w29218	Nafothdor	1
w29219	Naftali	1
w29220	Naftuh	1
w29221	Naga	1
w29222	Nagaland	1
w29223	nagam	1
w29224	Nagasaki	1
w29225	nagawn	1
w29226	nagawp	1
w29227	nagelh	1
w29228	nagelhdan	1
w29229	nagen	1
w29230	nagennop	1
w29231	Naggai	1
w29232	nago	1
w29233	nagual	1
w29234	Nahalal	1
w29235	Nahaliel	1
w29236	Nahalol	1
w29237	Naham	1
w29238	nahang	1
w29239	nahangin	1
w29240	Naharai	1
w29241	Nahash	1
w29242	Nahath	1
w29243	nahau	1
w29244	nahawh	1
w29245	nahawm	1
w29246	Nahbi	1
w29247	nahi	1
w29248	nahi gige	1
w29249	nahi sawnsawn	1
w29250	nahia	1
w29251	nahiam	1
w29252	nahih	1
w29253	nahihi	1
w29254	nahihiam	1
w29255	nahihlam	1
w29256	nahihleh	1
w29257	nahihman	1
w29258	nahihna	1
w29259	nahihtuak	1
w29260	nahilh	1
w29261	nahilo	1
w29262	nahimawk	1
w29263	nahitakpi	1
w29264	nahizaw	1
w29265	Nahkia kawi-in nahkia mam suang	1
w29266	nahlawh	1
w29267	Nahnuai	1
w29268	nahoih	1
w29269	nahoihlo	1
w29270	nahoihsepna	1
w29271	nahoihte	1
w29272	nahong	1
w29273	nahonkhia	1
w29274	Nahor	1
w29275	nahpa	1
w29276	Nahshon	1
w29277	nahtang	1
w29278	nahteh	1
w29279	nahthel	1
w29280	Nahum	1
w29281	nahun	1
w29282	nahvawh	1
w29283	nai	1
w29284	nai hetlo	1
w29285	naibangzah	1
w29286	naidial	1
w29287	Naiganyee	1
w29288	naih	1
w29289	naihetlo	1
w29290	naihin	1
w29291	naihkik	1
w29292	naihphei	1
w29293	naihuai	1
w29294	naii	1
w29295	naikal	1
w29296	naikei	1
w29297	naikhat	1
w29298	naikhatin	1
w29299	naikhatsung	1
w29300	naikhatval	1
w29301	naikuan	1
w29302	Nail	1
w29303	nailang	1
w29304	nailo	1
w29305	nailoding	1
w29306	nailoh	1
w29307	nailohna	1
w29308	nailohte	1
w29309	nailopi	1
w29310	nailopipi	1
w29311	nailote	1
w29312	nailung	1
w29313	naimahmah	1
w29314	Nain	1
w29315	naina	1
w29316	nainai	1
w29317	nainawn	1
w29318	nainawn'sak	1
w29319	nainawng	1
w29320	nainawngsak	1
w29321	naingangyi	1
w29322	Nainganyee	1
w29323	nainganyii	1
w29324	nainganzi	1
w29325	nainganzii	1
w29326	Naingngaanzee	1
w29327	nainih	1
w29328	Naioth	1
w29329	naipaak	1
w29330	naipak	1
w29331	naipen	1
w29332	naipente	1
w29333	naipi	1
w29334	Naipitau	1
w29335	naipuan	1
w29336	Nairobi	1
w29337	naisakin	1
w29338	naisan	1
w29339	naisim	1
w29340	naisuah	1
w29341	naita	1
w29342	naitak	1
w29343	naitau	1
w29344	naite	1
w29345	naitha	1
w29346	naituak	1
w29347	naive	1
w29348	naivua	1
w29349	naizaw	1
w29350	naizo	1
w29351	nak	1
w29352	nak hamsa	1
w29353	nakah	1
w29354	nakam	1
w29355	Nakan	1
w29356	nakap	1
w29357	nakbah	1
w29358	Nakbahte	1
w29359	nakbing	1
w29360	nakbuhte	1
w29361	nakdeih	1
w29362	nakem	1
w29363	nakep	1
w29364	nakepsak	1
w29365	nakgen	1
w29366	nakging	1
w29367	nakguh	1
w29368	nakguhte	1
w29369	nakhak	1
w29370	nakhamkhit	1
w29371	nakhat	1
w29372	nakhat peuhpeuh	1
w29373	nakhawl	1
w29374	nakhe	1
w29375	nakhempeuh	1
w29376	nakhua	1
w29377	nakhualna	1
w29378	nakhut	1
w29379	naki	1
w29380	nakiim	1
w29381	nakipawlna	1
w29382	nakisem	1
w29383	nakituak	1
w29384	nakivial	1
w29385	nakkham	1
w29386	nakkhiat	1
w29387	nakkin	1
w29388	naklah	1
w29389	naklahgawp	1
w29390	naklau	1
w29391	naklauhuai	1
w29392	nakle	1
w29393	nakleh	1
w29394	nakliam	1
w29395	nakliamlua	1
w29396	nakliat	1
w29397	naknak	1
w29398	naknawnlo	1
w29399	nakngeek	1
w29400	nakngek	1
w29401	naknuam	1
w29402	nakoih	1
w29403	Nakon	1
w29404	nakpan	1
w29405	nakpau	1
w29406	nakpheh	1
w29407	nakpi	1
w29408	nakpi'n	1
w29409	nakpi-in	1
w29410	nakpipi	1
w29411	nakpipi-in	1
w29412	nakpitak	1
w29413	nakpitakin	1
w29414	nakpitakin kidahpih	1
w29415	naksep	1
w29416	naksiat	1
w29417	naksiatzaw	1
w29418	naksuk	1
w29419	naksung	1
w29420	naktam	1
w29421	nakthei	1
w29422	naktheilo	1
w29423	nakthuk	1
w29424	naktoh	1
w29425	naktohna	1
w29426	naktuam	1
w29427	nakvang	1
w29428	nakvangte	1
w29429	Nakzang	1
w29430	nakzang lei	1
w29431	nakzat	1
w29432	nakzo	1
w29433	nakzolo	1
w29434	nakzuih	1
w29435	nal	1
w29436	nala	1
w29437	nalai	1
w29438	nalai-ip	1
w29439	nalaih	1
w29440	nalaihnop	1
w29441	nalaiteng	1
w29442	nalak	1
w29443	nalam	1
w29444	nalamdang	1
w29445	nalamdangte	1
w29446	nalamgdang	1
w29447	nalawm	1
w29448	nalawmte	1
w29449	naleh	1
w29450	nalei	1
w29451	nalen	1
w29452	naleng	1
w29453	nalian	1
w29454	nalianpi	1
w29455	Naling	1
w29456	nalna	1
w29457	nalna-ah	1
w29458	nalo	1
w29459	nalsak	1
w29460	nalua	1
w29461	nalung	1
w29462	nalunggulh	1
w29463	nalup	1
w29464	nalupna	1
w29465	nalut	1
w29466	nam	1
w29467	namahmah	1
w29468	namai	1
w29469	naman	1
w29470	namang	1
w29471	namanpah	1
w29472	namawk	1
w29473	nambat	1
w29474	Nambat	1
w29475	Nambatsehna	1
w29476	nambatte	1
w29477	nambup	1
w29478	namciat	1
w29479	namcin	1
w29480	namdang	1
w29481	namdangpa	1
w29482	namdangpi	1
w29483	namdangte	1
w29484	Namdangte	1
w29485	namdangten	1
w29486	namek	1
w29487	namel	1
w29488	nameltheih	1
w29489	namgim	1
w29490	namgimtui	1
w29491	namguk	1
w29492	namhang	1
w29493	namin	1
w29494	namke	1
w29495	namkee	1
w29496	Namkham	1
w29497	namkhat	1
w29498	namkhatmah	1
w29499	namkhatpen	1
w29500	namkhatzong	1
w29501	namkim	1
w29502	namkimin	1
w29503	namkimte	1
w29504	namlephung	1
w29505	namli	1
w29506	namli-in	1
w29507	namlian	1
w29508	nammahmah	1
w29509	nammkim	1
w29510	namnam	1
w29511	namnamin	1
w29512	namneu	1
w29513	namneute	1
w29514	namnga	1
w29515	Namni	1
w29516	namnih	1
w29517	nampi	1
w29518	nampi lungsim	1
w29519	nampih	1
w29520	nampite	1
w29521	nampuan	1
w29522	namsak	1
w29523	Namsan	1
w29524	namsau	1
w29525	namsaute	1
w29526	namsia	1
w29527	namsialua	1
w29528	namtam	1
w29529	namtampi	1
w29530	namte	1
w29531	Namthang	1
w29532	namthum	1
w29533	namthumin	1
w29534	namtuam	1
w29535	namtuamtuam	1
w29536	namtui	1
w29537	namtuina	1
w29538	namtuisak	1
w29539	namtuite	1
w29540	namtuizaw	1
w29541	namu	1
w29542	namuh	1
w29543	namuhkhak	1
w29544	namukha	1
w29545	namun	1
w29546	namvai	1
w29547	namza	1
w29548	Namzo	1
w29549	nan	1
w29550	nan'g	1
w29551	Nan-o	1
w29552	nana	1
w29553	nana-ah	1
w29554	nanawk	1
w29555	nane	1
w29556	nanei	1
w29557	naneih	1
w29558	naneihleh	1
w29559	nanek	1
w29560	nang	1
w29561	Nang	1
w29562	nang a	1
w29563	Nang Hat	1
w29564	nang'inn	1
w29565	nang-in	1
w29566	nanga	1
w29567	nangah	1
w29568	nangai-in	1
w29569	nangaih	1
w29570	nangak	1
w29571	Nangarhar	1
w29572	nangawn	1
w29573	nangawna	1
w29574	nangawnah	1
w29575	nangawng	1
w29576	nangawngzong	1
w29577	nangawnin	1
w29578	nangawnun	1
w29579	nangawnzong	1
w29580	nangbang	1
w29581	nangbek	1
w29582	nangding	1
w29583	nangen	1
w29584	nangetnop	1
w29585	nangh	1
w29586	nangin	1
w29587	nangkia	1
w29588	nangleh	1
w29589	nanglehkei	1
w29590	nanglekei	1
w29591	nanglenang	1
w29592	nanglo	1
w29593	nangma	1
w29594	Nangma	1
w29595	nangmah	1
w29596	Nangmah	1
w29597	nangmahmah	1
w29598	nangnawn	1
w29599	nangnuam	1
w29600	nangpen	1
w29601	nangpipi	1
w29602	nangsang	1
w29603	nangtawh	1
w29604	nangthu	1
w29605	nangtung	1
w29606	nangun	1
w29607	nangzo	1
w29608	nangzong	1
w29609	nangzongh	1
w29610	nangzote	1
w29611	Nanjing	1
w29612	nanna	1
w29613	nannan	1
w29614	nannate	1
w29615	nanu	1
w29616	nanzawh	1
w29617	naom	1
w29618	Naomi	1
w29619	nap	1
w29620	napa	1
w29621	napaam	1
w29622	napai	1
w29623	napaitektek	1
w29624	napam	1
w29625	napan	1
w29626	napang	1
w29627	napate	1
w29628	napen	1
w29629	napeuh	1
w29630	naphak	1
w29631	naphawk	1
w29632	napho	1
w29633	naphung	1
w29634	naphut	1
w29635	napi	1
w29636	napi-in	1
w29637	napia	1
w29638	napiak	1
w29639	napiaksa	1
w29640	napii	1
w29641	napil	1
w29642	napin	1
w29643	napna	1
w29644	napnit	1
w29645	nappa	1
w29646	napsak	1
w29647	Naptali	1
w29648	naptui	1
w29649	napuak	1
w29650	napuansilh	1
w29651	napum	1
w29652	napumpi	1
w29653	Narathiwat	1
w29654	Narcotics	1
w29655	nard	1
w29656	Nargis	1
w29657	Nariah	1
w29658	Naring	1
w29659	Narkissas	1
w29660	Narsissas	1
w29661	nasa	1
w29662	nasaepna	1
w29663	nasaepna-a	1
w29664	nasak	1
w29665	nasakgawp	1
w29666	nasakna	1
w29667	nasakpih	1
w29668	nasalua	1
w29669	nasam	1
w29670	nasat	1
w29671	nasate	1
w29672	nasawl	1
w29673	Nasdaq	1
w29674	naseem	1
w29675	naseemte	1
w29676	nasem	1
w29677	Nasem	1
w29678	nasema	1
w29679	nasemding	1
w29680	nasemin	1
w29681	nasemkhat	1
w29682	nasemkhawm	1
w29683	nasemlai	1
w29684	nasemlo	1
w29685	nasemmi	1
w29686	nasemna	1
w29687	nasemnangma	1
w29688	nasemnu	1
w29689	nasemnute	1
w29690	nasempa	1
w29691	Nasempa	1
w29692	nasempate	1
w29693	nasempen	1
w29694	nasemsak	1
w29695	nasemsem	1
w29696	nasemte	1
w29697	Nasemte ni	1
w29698	nasemten	1
w29699	nasemteng	1
w29700	nasemthak	1
w29701	nasemthei	1
w29702	nasemzo	1
w29703	nasep	1
w29704	nasep aguan	1
w29705	nasep hun	1
w29706	nasep khawl	1
w29707	nasep khop	1
w29708	nasep kician	1
w29709	nasep neilote	1
w29710	nasep silbawlna	1
w29711	nasepah	1
w29712	nasepdan	1
w29713	nasepdang	1
w29714	nasepding	1
w29715	nasephoih	1
w29716	nasephun	1
w29717	nasepin	1
w29718	nasepkhat	1
w29719	nasepkhop	1
w29720	nasepkhopna	1
w29721	nasepkhuan	1
w29722	nasepkuan	1
w29723	nasepkum	1
w29724	naseploh	1
w29725	nasepna	1
w29726	Nasepna	1
w29727	nasepna-ah	1
w29728	nasepnasa	1
w29729	nasepnate	1
w29730	nasepnei	1
w29731	nasepneilo	1
w29732	naseppen	1
w29733	naseppih	1
w29734	naseppihding	1
w29735	naseppihte	1
w29736	nasepsa	1
w29737	nasepsak	1
w29738	nasepte	1
w29739	nasepteng	1
w29740	nasepthak	1
w29741	naseptheih	1
w29742	naseptheihna	1
w29743	nasepvai	1
w29744	nasepza	1
w29745	nasepzia	1
w29746	nasepzong	1
w29747	nashia	1
w29748	Nashon	1
w29749	Nashville	1
w29750	nasi	1
w29751	nasia	1
w29752	nasialua	1
w29753	nasiam	1
w29754	nasiapen	1
w29755	nasiasak	1
w29756	nasiat	1
w29757	nasiatak	1
w29758	nasiatakin	1
w29759	nasiatleh	1
w29760	nasiatna	1
w29761	nasiazaw	1
w29762	nasim	1
w29763	nasimbeh	1
w29764	nasimnop	1
w29765	nasimsuak	1
w29766	nasin	1
w29767	nasuah	1
w29768	nasuak	1
w29769	nasuan	1
w29770	nasuhte	1
w29771	nasum	1
w29772	nasungah	1
w29773	nasunglam	1
w29774	nasut	1
w29775	nat	1
w29776	nat le sat	1
w29777	nat leh sat	1
w29778	nata	1
w29779	natampi	1
w29780	natang	1
w29781	natapa	1
w29782	natapate	1
w29783	natate	1
w29784	natawh	1
w29785	natawi	1
w29786	natawlngasak	1
w29787	natawm	1
w29788	nate	1
w29789	natel	1
w29790	natemin	1
w29791	nateng	1
w29792	natgual	1
w29793	nathak	1
w29794	Nathan	1
w29795	Nathanael	1
w29796	Nathanmelek	1
w29797	nathat	1
w29798	nathau	1
w29799	nathei	1
w29800	natheih	1
w29801	natheihnop	1
w29802	nathoih	1
w29803	nathu	1
w29804	nathuak	1
w29805	nathute	1
w29806	Nationalism	1
w29807	natlehsat	1
w29808	natna	1
w29809	natna dalna	1
w29810	natna gil	1
w29811	natna gilo	1
w29812	natna kilawhna	1
w29813	natna lungno	1
w29814	natna lungnote	1
w29815	natna ngah	1
w29816	natna satna	1
w29817	natnanei	1
w29818	natnate	1
w29819	NATO	1
w29820	natsak	1
w29821	natsakna	1
w29822	natsia	1
w29823	natsiat	1
w29824	nattun	1
w29825	nattun natna	1
w29826	nattunin	1
w29827	nattunza	1
w29828	nattutna	1
w29829	natu	1
w29830	natuah	1
w29831	natuak	1
w29832	natui	1
w29833	natun	1
w29834	natung	1
w29835	natuntheih	1
w29836	natut	1
w29837	natveh	1
w29838	natvehna	1
w29839	nau	1
w29840	nau awih la	1
w29841	nau oih la	1
w29842	naubang	1
w29843	naubu	1
w29844	naucil	1
w29845	naucin	1
w29846	naucing	1
w29847	Naucingnu	1
w29848	naudalna	1
w29849	naudap	1
w29850	naudom	1
w29851	naudomnu	1
w29852	naudomte	1
w29853	naugil	1
w29854	nauhalna	1
w29855	nauhalna zatui	1
w29856	naui	1
w29857	naukem	1
w29858	naukemding	1
w29859	naukemnu	1
w29860	naukepna	1
w29861	naukhak	1
w29862	Naulak	1
w29863	nauluai	1
w29864	naumilim	1
w29865	naumin	1
w29866	naunau	1
w29867	naunawi	1
w29868	naunei	1
w29869	nauneih	1
w29870	naunen	1
w29871	Naungcho	1
w29872	naungeek	1
w29873	naungeekte	1
w29874	naungek	1
w29875	naungek suakthak	1
w29876	naungek'khe	1
w29877	naungek'khete	1
w29878	naungeka	1
w29879	naungekin	1
w29880	naungekno	1
w29881	naungekpen	1
w29882	naungekte	1
w29883	Naungekte	1
w29884	nauno	1
w29885	naunu	1
w29886	naupa	1
w29887	naupaai	1
w29888	naupaaikhin	1
w29889	naupaaite	1
w29890	naupai	1
w29891	naupaii	1
w29892	naupaiina	1
w29893	Naupaiina	1
w29894	Naupaiina-ah	1
w29895	naupaiite	1
w29896	naupaina	1
w29897	Naupaina	1
w29898	Naupaina-ah	1
w29899	naupaite	1
w29900	naupan	1
w29901	naupang	1
w29902	naupang kepna	1
w29903	naupang kimawlna	1
w29904	naupang la	1
w29905	naupangin	1
w29906	naupangkhat	1
w29907	naupanglai	1
w29908	naupangluai	1
w29909	naupangneu	1
w29910	naupangngek	1
w29911	naupangno	1
w29912	naupangnote	1
w29913	naupangnu	1
w29914	naupangpa	1
w29915	naupangpen	1
w29916	naupangtawh	1
w29917	naupangte	1
w29918	naupangvai	1
w29919	naupangzong	1
w29920	nauphiat	1
w29921	nauphiatna	1
w29922	Nauru	1
w29923	nausawn	1
w29924	nausia	1
w29925	nausuah	1
w29926	nausuahna	1
w29927	nausuak	1
w29928	nausuakcil	1
w29929	nausuakding	1
w29930	nausuaklai	1
w29931	nausuakte	1
w29932	nausuakthak	1
w29933	nausuakthakte	1
w29934	nausuaktung	1
w29935	nausuakzia	1
w29936	nauta	1
w29937	nautaang	1
w29938	nautaangte	1
w29939	nautang	1
w29940	nautangin	1
w29941	nautangte	1
w29942	nautawdap	1
w29943	nautawi	1
w29944	naute	1
w29945	nauteng	1
w29946	nautum	1
w29947	nauzaw	1
w29948	nauzawpa	1
w29949	nauzawte	1
w29950	nauzawte'n	1
w29951	navaak	1
w29952	navai	1
w29953	navak	1
w29954	navakna	1
w29955	navakte	1
w29956	navan	1
w29957	navawh	1
w29958	naveina	1
w29959	naven	1
w29960	navet	1
w29961	navuah	1
w29962	navun	1
w29963	navyte	1
w29964	naw'ng	1
w29965	nawh	1
w29966	nawhdeih	1
w29967	nawhdelh	1
w29968	nawhhawl	1
w29969	nawhkeek	1
w29970	nawhkek	1
w29971	nawhkhia	1
w29972	nawhkhiat	1
w29973	nawhkhiatna	1
w29974	nawhkhiatnate	1
w29975	nawhlen	1
w29976	nawhpai	1
w29977	nawhsa	1
w29978	nawhsuk	1
w29979	nawhtai	1
w29980	nawhtaigawp	1
w29981	nawhtaina	1
w29982	nawhtat	1
w29983	nawhtatna	1
w29984	nawhzak	1
w29985	nawhzap	1
w29986	nawi	1
w29987	nawi cancer	1
w29988	nawigoih	1
w29989	nawimek	1
w29990	nawine	1
w29991	nawipi	1
w29992	nawipiak	1
w29993	nawisuk	1
w29994	nawite	1
w29995	nawituam	1
w29996	nawitui	1
w29997	nawivui	1
w29998	nawizu	1
w29999	nawk	1
